"kabupaten_kota";"jumlah_pergerakan_wisatawan_nusantara";"jumlah_pergerakan_wisatawan_mancanegara";"periode_update"
"Bangkalan";"531243";"14";"Maret 2018"
"Banyuwangi";"407927";"7277";"Maret 2018"
"Blitar";"168111";"108";"Maret 2018"
"Bojonegoro";"86443";"0";"Maret 2018"
"Bondowoso";"26492";"1798";"Maret 2018"
"Gresik";"340030";"1560";"Maret 2018"
"Jember";"88613";"107";"Maret 2018"
"Jombang";"119765";"0";"Maret 2018"
"Kediri";"299577";"17";"Maret 2018"
"Lamongan";"280263";"18";"Maret 2018"
"Lumajang";"80365";"688";"Maret 2018"
"Madiun";"29996";"5";"Maret 2018"
"Magetan";"57247";"0";"Maret 2018"
"Malang";"316052";"999";"Maret 2018"
"Mojokerto";"156096";"139";"Maret 2018"
"Nganjuk";"31984";"0";"Maret 2018"
"Ngawi";"53602";"6";"Maret 2018"
"Pacitan";"83164";"190";"Maret 2018"
"Pamekasan";"8823";"0";"Maret 2018"
"Pasuruan";"121431";"578";"Maret 2018"
"Ponorogo";"32998";"0";"Maret 2018"
"Probolinggo";"54260";"2226";"Maret 2018"
"Sampang";"8250";"0";"Maret 2018"
"Sidoarjo";"123398";"462";"Maret 2018"
"Situbondo";"32371";"78";"Maret 2018"
"Sumenep";"90573";"116";"Maret 2018"
"Trenggalek";"86717";"0";"Maret 2018"
"Tuban";"579324";"105";"Maret 2018"
"Tulungagung";"106563";"7";"Maret 2018"
"Kota Batu";"572531";"1277";"Maret 2018"
"Kota Blitar";"310085";"140";"Maret 2018"
"Kota Kediri";"6669";"0";"Maret 2018"
"Kota Madiun";"6997";"0";"Maret 2018"
"Kota Malang";"219744";"608";"Maret 2018"
"Kota Mojokerto";"21784";"0";"Maret 2018"
"Kota Pasuruan";"19905";"20";"Maret 2018"
"Kota Probolinggo";"110702";"490";"Maret 2018"
"Kota Surabaya";"731800";"21847";"Maret 2018"
"Bangkalan";"106935";"19";"Januari 2018"
"Banyuwangi";"594876";"4379";"Januari 2018"
"Blitar";"246140";"110";"Januari 2018"
"Bojonegoro";"93541";"0";"Januari 2018"
"Bondowoso";"51318";"2778";"Januari 2018"
"Gresik";"282933";"252";"Januari 2018"
"Jember";"110578";"122";"Januari 2018"
"Jombang";"132411";"0";"Januari 2018"
"Kediri";"290872";"17";"Januari 2018"
"Lamongan";"225989";"13";"Januari 2018"
"Lumajang";"123886";"308";"Januari 2018"
"Madiun";"52223";"0";"Januari 2018"
"Magetan";"100427";"0";"Januari 2018"
"Malang";"476146";"884";"Januari 2018"
"Mojokerto";"214636";"193";"Januari 2018"
"Nganjuk";"45744";"0";"Januari 2018"
"Ngawi";"88077";"21";"Januari 2018"
"Pacitan";"143845";"80";"Januari 2018"
"Pamekasan";"9215";"2";"Januari 2018"
"Pasuruan";"288319";"2087";"Januari 2018"
"Ponorogo";"71598";"22";"Januari 2018"
"Probolinggo";"76888";"1939";"Januari 2018"
"Sampang";"7543";"0";"Januari 2018"
"Sidoarjo";"164604";"909";"Januari 2018"
"Situbondo";"63111";"59";"Januari 2018"
"Sumenep";"85697";"175";"Januari 2018"
"Trenggalek";"103619";"0";"Januari 2018"
"Tuban";"499266";"24";"Januari 2018"
"Tulungagung";"168271";"2";"Januari 2018"
"Kota Batu";"484081";"926";"Januari 2018"
"Kota Blitar";"311494";"77";"Januari 2018"
"Kota Kediri";"6975";"0";"Januari 2018"
"Kota Madiun";"8353";"0";"Januari 2018"
"Kota Malang";"239210";"547";"Januari 2018"
"Kota Mojokerto";"22214";"0";"Januari 2018"
"Kota Pasuruan";"31019";"20";"Januari 2018"
"Kota Probolinggo";"138209";"1178";"Januari 2018"
"Kota Surabaya";"667877";"7754";"Januari 2018"
"Bangkalan";"66563";"21";"Februari 2018"
"Banyuwangi";"388160";"6862";"Februari 2018"
"Blitar";"156924";"127";"Februari 2018"
"Bojonegoro";"77855";"0";"Februari 2018"
"Bondowoso";"29541";"2763";"Februari 2018"
"Gresik";"232684";"936";"Februari 2018"
"Jember";"80617";"96";"Februari 2018"
"Jombang";"120304";"0";"Februari 2018"
"Kediri";"197527";"26";"Februari 2018"
"Lamongan";"203230";"37";"Februari 2018"
"Lumajang";"67430";"369";"Februari 2018"
"Madiun";"31561";"2";"Februari 2018"
"Magetan";"67550";"0";"Februari 2018"
"Malang";"307951";"1048";"Februari 2018"
"Mojokerto";"133943";"162";"Februari 2018"
"Nganjuk";"35341";"2";"Februari 2018"
"Ngawi";"49919";"7";"Februari 2018"
"Pacitan";"70996";"52";"Februari 2018"
"Pamekasan";"11712";"0";"Februari 2018"
"Pasuruan";"192580";"1118";"Februari 2018"
"Ponorogo";"33472";"8";"Februari 2018"
"Probolinggo";"66640";"6754";"Februari 2018"
"Sampang";"6689";"5";"Februari 2018"
"Sidoarjo";"149145";"691";"Februari 2018"
"Situbondo";"31712";"65";"Februari 2018"
"Sumenep";"69734";"151";"Februari 2018"
"Trenggalek";"74795";"0";"Februari 2018"
"Tuban";"321262";"78";"Februari 2018"
"Tulungagung";"97719";"4";"Februari 2018"
"Kota Batu";"523434";"1267";"Februari 2018"
"Kota Blitar";"312869";"81";"Februari 2018"
"Kota Kediri";"5917";"0";"Februari 2018"
"Kota Madiun";"6718";"0";"Februari 2018"
"Kota Malang";"213120";"546";"Februari 2018"
"Kota Mojokerto";"22158";"0";"Februari 2018"
"Kota Pasuruan";"25730";"50";"Februari 2018"
"Kota Probolinggo";"102504";"650";"Februari 2018"
"Kota Surabaya";"618081";"6189";"Februari 2018"
"Bangkalan";"107733";"31";"April 2018"
"Banyuwangi";"435945";"8125";"April 2018"
"Blitar";"165933";"116";"April 2018"
"Bojonegoro";"87458";"0";"April 2018"
"Bondowoso";"29703";"3922";"April 2018"
"Gresik";"364088";"2342";"April 2018"
"Jember";"93549";"74";"April 2018"
"Jombang";"138402";"0";"April 2018"
"Kediri";"198631";"79";"April 2018"
"Lamongan";"224312";"12";"April 2018"
"Lumajang";"88078";"544";"April 2018"
"Madiun";"38718";"0";"April 2018"
"Magetan";"81813";"0";"April 2018"
"Malang";"406135";"2290";"April 2018"
"Mojokerto";"194152";"137";"April 2018"
"Nganjuk";"31171";"0";"April 2018"
"Ngawi";"66148";"8";"April 2018"
"Pacitan";"112436";"136";"April 2018"
"Pamekasan";"12738";"0";"April 2018"
"Pasuruan";"170427";"728";"April 2018"
"Ponorogo";"27876";"0";"April 2018"
"Probolinggo";"59421.715";"2476.285";"April 2018"
"Sampang";"7390";"8";"April 2018"
"Sidoarjo";"127516";"706";"April 2018"
"Situbondo";"40149";"188";"April 2018"
"Sumenep";"124997";"137";"April 2018"
"Trenggalek";"103457";"0";"April 2018"
"Tuban";"742557";"155";"April 2018"
"Tulungagung";"114674";"5";"April 2018"
"Kota Batu";"483392";"1113";"April 2018"
"Kota Blitar";"355524";"78";"April 2018"
"Kota Kediri";"8279";"0";"April 2018"
"Kota Madiun";"6338";"0";"April 2018"
"Kota Malang";"229874";"631";"April 2018"
"Kota Mojokerto";"16757";"0";"April 2018"
"Kota Pasuruan";"16286";"22";"April 2018"
"Kota Probolinggo";"153289";"140";"April 2018"
"Kota Surabaya";"676282";"6575";"April 2018"
"";"";"";"April 2018"
"Bangkalan";"86891";"10";"Mei 2018"
"Banyuwangi";"216686";"7198";"Mei 2018"
"Blitar";"130061";"193";"Mei 2018"
"Bojonegoro";"93455";"0";"Mei 2018"
"Bondowoso";"28240";"4689";"Mei 2018"
"Gresik";"331915";"1581";"Mei 2018"
"Jember";"140328";"48";"Mei 2018"
"Jombang";"98790";"0";"Mei 2018"
"Kediri";"141148";"60";"Mei 2018"
"Lamongan";"183478";"14";"Mei 2018"
"Lumajang";"54903";"579";"Mei 2018"
"Madiun";"34403";"17";"Mei 2018"
"Magetan";"54440";"0";"Mei 2018"
"Malang";"227439";"701";"Mei 2018"
"Mojokerto";"134275";"189";"Mei 2018"
"Nganjuk";"27510";"0";"Mei 2018"
"Ngawi";"47970";"5";"Mei 2018"
"Pacitan";"112919";"91";"Mei 2018"
"Pamekasan";"16990";"0";"Mei 2018"
"Pasuruan";"230868";"1585";"Mei 2018"
"Ponorogo";"28143";"0";"Mei 2018"
"Probolinggo";"52176.825";"1450.175";"Mei 2018"
"Sampang";"6302";"6";"Mei 2018"
"Sidoarjo";"93202";"1091";"Mei 2018"
"Situbondo";"31436";"145";"Mei 2018"
"Sumenep";"86007";"472";"Mei 2018"
"Trenggalek";"24385";"0";"Mei 2018"
"Tuban";"713001";"48";"Mei 2018"
"Tulungagung";"76531";"0";"Mei 2018"
"Kota Batu";"341737";"424";"Mei 2018"
"Kota Blitar";"179264";"78";"Mei 2018"
"Kota Kediri";"3627";"0";"Mei 2018"
"Kota Madiun";"6674";"0";"Mei 2018"
"Kota Malang";"236986";"622";"Mei 2018"
"Kota Mojokerto";"14910";"0";"Mei 2018"
"Kota Pasuruan";"17535";"28";"Mei 2018"
"Kota Probolinggo";"134687";"31";"Mei 2018"
"Kota Surabaya";"573154";"4533";"Mei 2018"
"";"";"";"Mei 2018"
"Bangkalan";"65261";"21";"Juni 2018"
"Banyuwangi";"494238";"6745";"Juni 2018"
"Blitar";"254663";"84";"Juni 2018"
"Bojonegoro";"61596";"0";"Juni 2018"
"Bondowoso";"37325";"4541";"Juni 2018"
"Gresik";"157463";"4575";"Juni 2018"
"Jember";"93110";"17";"Juni 2018"
"Jombang";"68688";"0";"Juni 2018"
"Kediri";"251389";"61";"Juni 2018"
"Lamongan";"201970";"10";"Juni 2018"
"Lumajang";"402841";"590";"Juni 2018"
"Madiun";"68558";"0";"Juni 2018"
"Magetan";"175815";"0";"Juni 2018"
"Malang";"352789";"360";"Juni 2018"
"Mojokerto";"154023";"25";"Juni 2018"
"Nganjuk";"56655";"0";"Juni 2018"
"Ngawi";"97525";"17";"Juni 2018"
"Pacitan";"336953";"97";"Juni 2018"
"Pamekasan";"16451";"0";"Juni 2018"
"Pasuruan";"230868";"1585";"Juni 2018"
"Ponorogo";"34119";"0";"Juni 2018"
"Probolinggo";"106883";"6268";"Juni 2018"
"Sampang";"105956";"15";"Juni 2018"
"Sidoarjo";"125746";"345";"Juni 2018"
"Situbondo";"65505";"111";"Juni 2018"
"Sumenep";"145517";"166";"Juni 2018"
"Trenggalek";"109754";"0";"Juni 2018"
"Tuban";"376972";"29";"Juni 2018"
"Tulungagung";"216613";"0";"Juni 2018"
"Kota Batu";"572103";"268";"Juni 2018"
"Kota Blitar";"208215";"71";"Juni 2018"
"Kota Kediri";"10513";"0";"Juni 2018"
"Kota Madiun";"9676";"0";"Juni 2018"
"Kota Malang";"296343";"690";"Juni 2018"
"Kota Mojokerto";"24199";"0";"Juni 2018"
"Kota Pasuruan";"20563";"22";"Juni 2018"
"Kota Probolinggo";"117899";"23";"Juni 2018"
"Kota Surabaya";"760806";"3427";"Juni 2018"
"Bangkalan";"153992";"0";"Agustus 2018"
"Banyuwangi";"402282";"14650";"Agustus 2018"
"Blitar";"145149";"104";"Agustus 2018"
"Bojonegoro";"21070";"2";"Agustus 2018"
"Bondowoso";"33428";"5256";"Agustus 2018"
"Gresik";"210035";"3210";"Agustus 2018"
"Jember";"70030";"110";"Agustus 2018"
"Jombang";"85654";"0";"Agustus 2018"
"Kediri";"251592";"63";"Agustus 2018"
"Lamongan";"147565";"5";"Agustus 2018"
"Lumajang";"98375";"1305";"Agustus 2018"
"Madiun";"37345";"0";"Agustus 2018"
"Magetan";"65434";"0";"Agustus 2018"
"Malang";"82383";"577";"Agustus 2018"
"Mojokerto";"109861";"52";"Agustus 2018"
"Nganjuk";"39374";"0";"Agustus 2018"
"Ngawi";"30711";"5";"Agustus 2018"
"Pacitan";"89150";"183";"Agustus 2018"
"Pamekasan";"25598";"0";"Agustus 2018"
"Pasuruan";"230867";"1602";"Agustus 2018"
"Ponorogo";"32056";"2";"Agustus 2018"
"Probolinggo";"59751.495";"5622.505";"Agustus 2018"
"Sampang";"31902";"0";"Agustus 2018"
"Sidoarjo";"115428";"396";"Agustus 2018"
"Situbondo";"35449";"310";"Agustus 2018"
"Sumenep";"72011";"130";"Agustus 2018"
"Trenggalek";"28804";"0";"Agustus 2018"
"Tuban";"425883";"74";"Agustus 2018"
"Tulungagung";"57623";"4";"Agustus 2018"
"Kota Batu";"298269";"428";"Agustus 2018"
"Kota Blitar";"279593";"135";"Agustus 2018"
"Kota Kediri";"7857";"0";"Agustus 2018"
"Kota Madiun";"6251";"0";"Agustus 2018"
"Kota Malang";"169914";"8274";"Agustus 2018"
"Kota Mojokerto";"22660";"0";"Agustus 2018"
"Kota Pasuruan";"30109";"4";"Agustus 2018"
"Kota Probolinggo";"71598";"119";"Agustus 2018"
"Kota Surabaya";"623202";"7099";"Agustus 2018"
"Bangkalan";"145297";"0";"Juli 2018"
"Banyuwangi";"541139";"12442";"Juli 2018"
"Blitar";"240963";"132";"Juli 2018"
"Bojonegoro";"33151";"0";"Juli 2018"
"Bondowoso";"35038";"5677";"Juli 2018"
"Gresik";"311723";"1476";"Juli 2018"
"Jember";"83834";"125";"Juli 2018"
"Jombang";"117823";"0";"Juli 2018"
"Kediri";"664773";"78";"Juli 2018"
"Lamongan";"206172";"14";"Juli 2018"
"Lumajang";"120662";"889";"Juli 2018"
"Madiun";"73329";"0";"Juli 2018"
"Magetan";"124746";"0";"Juli 2018"
"Malang";"451416";"238";"Juli 2018"
"Mojokerto";"163230";"56";"Juli 2018"
"Nganjuk";"46899";"0";"Juli 2018"
"Ngawi";"44205";"5";"Juli 2018"
"Pacitan";"213380";"163";"Juli 2018"
"Pamekasan";"42337";"0";"Juli 2018"
"Pasuruan";"230867";"1585";"Juli 2018"
"Ponorogo";"46134";"10";"Juli 2018"
"Probolinggo";"78221.975";"5145.025";"Juli 2018"
"Sampang";"31535";"0";"Juli 2018"
"Sidoarjo";"216766";"633";"Juli 2018"
"Situbondo";"47787";"223";"Juli 2018"
"Sumenep";"83830";"276";"Juli 2018"
"Trenggalek";"60385";"0";"Juli 2018"
"Tuban";"568988";"67";"Juli 2018"
"Tulungagung";"123267";"42";"Juli 2018"
"Kota Batu";"501724";"1057";"Juli 2018"
"Kota Blitar";"314949";"83";"Juli 2018"
"Kota Kediri";"9399";"0";"Juli 2018"
"Kota Madiun";"9243";"0";"Juli 2018"
"Kota Malang";"198309";"62";"Juli 2018"
"Kota Mojokerto";"22204";"0";"Juli 2018"
"Kota Pasuruan";"26038";"3";"Juli 2018"
"Kota Probolinggo";"145159";"110";"Juli 2018"
"Kota Surabaya";"751360";"7168";"Juli 2018"
"Bangkalan";"163451";"25";"September 2018"
"Banyuwangi";"378652";"13357";"September 2018"
"Blitar";"144657";"146";"September 2018"
"Bojonegoro";"27214";"0";"September 2018"
"Bondowoso";"34009";"4721";"September 2018"
"Gresik";"299957";"3549";"September 2018"
"Jember";"68369";"108";"September 2018"
"Jombang";"161507";"0";"September 2018"
"Kediri";"170941";"55";"September 2018"
"Lamongan";"182878";"32";"September 2018"
"Lumajang";"99997";"982";"September 2018"
"Madiun";"33932";"0";"September 2018"
"Magetan";"76968";"0";"September 2018"
"Malang";"137485";"295";"September 2018"
"Mojokerto";"164338";"45";"September 2018"
"Nganjuk";"53877";"0";"September 2018"
"Ngawi";"38005";"2";"September 2018"
"Pacitan";"106066";"121";"September 2018"
"Pamekasan";"25400";"0";"September 2018"
"Pasuruan";"230866";"1585";"September 2018"
"Ponorogo";"60499";"75";"September 2018"
"Probolinggo";"58046";"4262";"September 2018"
"Sampang";"32964";"0";"September 2018"
"Sidoarjo";"107491";"740";"September 2018"
"Situbondo";"35882";"220";"September 2018"
"Sumenep";"140885";"538";"September 2018"
"Trenggalek";"91485";"0";"September 2018"
"Tuban";"824354";"63";"September 2018"
"Tulungagung";"83086";"5";"September 2018"
"Kota Batu";"309755";"997";"September 2018"
"Kota Blitar";"270750";"104";"September 2018"
"Kota Kediri";"9525";"0";"September 2018"
"Kota Madiun";"8545";"0";"September 2018"
"Kota Malang";"184136";"8238";"September 2018"
"Kota Mojokerto";"22778";"0";"September 2018"
"Kota Pasuruan";"23745";"1";"September 2018"
"Kota Probolinggo";"68450";"117";"September 2018"
"Kota Surabaya";"850144";"7970";"September 2018"
"Bangkalan";"127172";"19";"Oktober 2018"
"Banyuwangi";"369761";"16610";"Oktober 2018"
"Blitar";"158764";"15";"Oktober 2018"
"Bojonegoro";"32972";"0";"Oktober 2018"
"Bondowoso";"33252";"4720";"Oktober 2018"
"Gresik";"325581";"6503";"Oktober 2018"
"Jember";"61758";"60";"Oktober 2018"
"Jombang";"143583";"0";"Oktober 2018"
"Kediri";"176703";"53";"Oktober 2018"
"Lamongan";"205551";"8";"Oktober 2018"
"Lumajang";"88865";"668";"Oktober 2018"
"Madiun";"34585";"0";"Oktober 2018"
"Magetan";"74551";"0";"Oktober 2018"
"Malang";"127511";"217";"Oktober 2018"
"Mojokerto";"149515";"75";"Oktober 2018"
"Nganjuk";"33582";"0";"Oktober 2018"
"Ngawi";"38175";"7";"Oktober 2018"
"Pacitan";"118034";"102";"Oktober 2018"
"Pamekasan";"22254";"0";"Oktober 2018"
"Pasuruan";"230867";"1583";"Oktober 2018"
"Ponorogo";"37930";"0";"Oktober 2018"
"Probolinggo";"56038";"4576";"Oktober 2018"
"Sampang";"37075";"0";"Oktober 2018"
"Sidoarjo";"112163";"496";"Oktober 2018"
"Situbondo";"33102";"89";"Oktober 2018"
"Sumenep";"146416";"283";"Oktober 2018"
"Trenggalek";"24944";"0";"Oktober 2018"
"Tuban";"512002";"34";"Oktober 2018"
"Tulungagung";"77596";"0";"Oktober 2018"
"Kota Batu";"365485";"869";"Oktober 2018"
"Kota Blitar";"190441";"76";"Oktober 2018"
"Kota Kediri";"11149";"0";"Oktober 2018"
"Kota Madiun";"8611";"0";"Oktober 2018"
"Kota Malang";"197744";"10167";"Oktober 2018"
"Kota Mojokerto";"22769";"0";"Oktober 2018"
"Kota Pasuruan";"23520";"2";"Oktober 2018"
"Kota Probolinggo";"43038";"46";"Oktober 2018"
"Kota Surabaya";"906798";"4449";"Oktober 2018"
"Bangkalan";"112906";"29";"November 2018"
"Banyuwangi";"307011";"13919";"November 2018"
"Blitar";"178286";"44";"November 2018"
"Bojonegoro";"26833";"12";"November 2018"
"Bondowoso";"32979";"4273";"November 2018"
"Gresik";"290953";"10722";"November 2018"
"Jember";"75974";"40";"November 2018"
"Jombang";"126352";"0";"November 2018"
"Kediri";"202832";"40";"November 2018"
"Lamongan";"208838";"7";"November 2018"
"Lumajang";"107401";"417";"November 2018"
"Madiun";"35895";"0";"November 2018"
"Magetan";"62168";"0";"November 2018"
"Malang";"75336";"62";"November 2018"
"Mojokerto";"150215";"74";"November 2018"
"Nganjuk";"33265";"0";"November 2018"
"Ngawi";"41968";"0";"November 2018"
"Pacitan";"101113";"113";"November 2018"
"Pamekasan";"16990";"0";"November 2018"
"Pasuruan";"230862";"1564";"November 2018"
"Ponorogo";"36229";"0";"November 2018"
"Probolinggo";"64974";"4091";"November 2018"
"Sampang";"39275";"0";"November 2018"
"Sidoarjo";"111425";"710";"November 2018"
"Situbondo";"38963";"113";"November 2018"
"Sumenep";"109964";"145";"November 2018"
"Trenggalek";"50077";"0";"November 2018"
"Tuban";"554636";"25";"November 2018"
"Tulungagung";"74799";"0";"November 2018"
"Kota Batu";"395003";"284";"November 2018"
"Kota Blitar";"191905";"42";"November 2018"
"Kota Kediri";"11395";"0";"November 2018"
"Kota Madiun";"6200";"0";"November 2018"
"Kota Malang";"211729";"7908";"November 2018"
"Kota Mojokerto";"3651";"0";"November 2018"
"Kota Pasuruan";"55245";"3";"November 2018"
"Kota Probolinggo";"41109";"48";"November 2018"
"Kota Surabaya";"213963";"2164";"November 2018"
"Bangkalan";"148006";"22";"Desember 2018"
"Banyuwangi";"403257";"14687";"Desember 2018"
"Blitar";"315648";"21";"Desember 2018"
"Bojonegoro";"71500";"0";"Desember 2018"
"Bondowoso";"32883";"3596";"Desember 2018"
"Gresik";"405608";"2058";"Desember 2018"
"Jember";"99035";"55";"Desember 2018"
"Jombang";"181685";"0";"Desember 2018"
"Kediri";"358940";"12";"Desember 2018"
"Lamongan";"331715";"11";"Desember 2018"
"Lumajang";"229136";"1116";"Desember 2018"
"Madiun";"73285";"0";"Desember 2018"
"Magetan";"134587";"0";"Desember 2018"
"Malang";"49936";"226";"Desember 2018"
"Mojokerto";"127049";"77";"Desember 2018"
"Nganjuk";"62170";"0";"Desember 2018"
"Ngawi";"83885";"0";"Desember 2018"
"Pacitan";"170278";"69";"Desember 2018"
"Pamekasan";"17974";"0";"Desember 2018"
"Pasuruan";"230874";"1584";"Desember 2018"
"Ponorogo";"97251";"0";"Desember 2018"
"Probolinggo";"86931";"4461";"Desember 2018"
"Sampang";"40316";"0";"Desember 2018"
"Sidoarjo";"233696";"659";"Desember 2018"
"Situbondo";"74771";"76";"Desember 2018"
"Sumenep";"129721";"105";"Desember 2018"
"Trenggalek";"89246";"0";"Desember 2018"
"Tuban";"847316";"72";"Desember 2018"
"Tulungagung";"19308";"0";"Desember 2018"
"Kota Batu";"728696";"1177";"Desember 2018"
"Kota Blitar";"217923";"59";"Desember 2018"
"Kota Kediri";"12852";"0";"Desember 2018"
"Kota Madiun";"9100";"0";"Desember 2018"
"Kota Malang";"252040";"8274";"Desember 2018"
"Kota Mojokerto";"4746";"0";"Desember 2018"
"Kota Pasuruan";"16603";"0";"Desember 2018"
"Kota Probolinggo";"68114";"177";"Desember 2018"
"Kota Surabaya";"211350";"1300";"Desember 2018"
"Bangkalan";"394641";"18";"Januari 2019"
"Banyuwangi";"812097";"4262";"Januari 2019"
"Blitar";"319696";"36";"Januari 2019"
"Bojonegoro";"97480";"0";"Januari 2019"
"Bondowoso";"54116";"2785";"Januari 2019"
"Gresik";"261425";"2016";"Januari 2019"
"Jember";"1500";"0";"Januari 2019"
"Jombang";"99674";"0";"Januari 2019"
"Kediri";"333487";"80";"Januari 2019"
"Lamongan";"299097";"14";"Januari 2019"
"Lumajang";"97529";"185";"Januari 2019"
"Madiun";"56796";"0";"Januari 2019"
"Magetan";"251254";"0";"Januari 2019"
"Malang";"757032";"3334";"Januari 2019"
"Mojokerto";"148328";"238";"Januari 2019"
"Nganjuk";"71712";"0";"Januari 2019"
"Ngawi";"73188";"3";"Januari 2019"
"Pacitan";"96274";"263";"Januari 2019"
"Pamekasan";"24702";"0";"Januari 2019"
"Pasuruan";"255135";"237";"Januari 2019"
"Ponorogo";"60849";"38";"Januari 2019"
"Probolinggo";"90998";"2235";"Januari 2019"
"Sampang";"29823";"0";"Januari 2019"
"Sidoarjo";"150784";"799";"Januari 2019"
"Situbondo";"106793";"77";"Januari 2019"
"Sumenep";"88662";"4";"Januari 2019"
"Trenggalek";"66482";"0";"Januari 2019"
"Tuban";"511604";"32";"Januari 2019"
"Tulungagung";"129330";"0";"Januari 2019"
"Kota Batu";"463025";"749";"Januari 2019"
"Kota Blitar";"136856";"92";"Januari 2019"
"Kota Kediri";"10905";"0";"Januari 2019"
"Kota Madiun";"4919";"0";"Januari 2019"
"Kota Malang";"317381";"797";"Januari 2019"
"Kota Mojokerto";"8675";"2";"Januari 2019"
"Kota Pasuruan";"6920";"13";"Januari 2019"
"Kota Probolinggo";"117983";"360";"Januari 2019"
"Kota Surabaya";"832057";"5081";"Januari 2019"
"Bangkalan";"97820";"20";"Februari 2019"
"Banyuwangi";"371873";"6748";"Februari 2019"
"Blitar";"201003";"59";"Februari 2019"
"Bojonegoro";"41099";"0";"Februari 2019"
"Bondowoso";"59828";"2469";"Februari 2019"
"Gresik";"257838";"2767";"Februari 2019"
"Jember";"980";"0";"Februari 2019"
"Jombang";"109483";"0";"Februari 2019"
"Kediri";"230965";"47";"Februari 2019"
"Lamongan";"280925";"11";"Februari 2019"
"Lumajang";"60738";"166";"Februari 2019"
"Madiun";"27524";"0";"Februari 2019"
"Magetan";"94175";"0";"Februari 2019"
"Malang";"1126741";"4437";"Februari 2019"
"Mojokerto";"89578";"100";"Februari 2019"
"Nganjuk";"37931";"0";"Februari 2019"
"Ngawi";"49979";"1";"Februari 2019"
"Pacitan";"59427";"26";"Februari 2019"
"Pamekasan";"20077";"0";"Februari 2019"
"Pasuruan";"255483";"279";"Februari 2019"
"Ponorogo";"64319";"68";"Februari 2019"
"Probolinggo";"52350";"1302";"Februari 2019"
"Sampang";"21154";"0";"Februari 2019"
"Sidoarjo";"139286";"565";"Februari 2019"
"Situbondo";"57205";"80";"Februari 2019"
"Sumenep";"75780";"2";"Februari 2019"
"Trenggalek";"31675";"0";"Februari 2019"
"Tuban";"437240";"181";"Februari 2019"
"Tulungagung";"62138";"0";"Februari 2019"
"Kota Batu";"573173";"1023";"Februari 2019"
"Kota Blitar";"117245";"74";"Februari 2019"
"Kota Kediri";"12656";"0";"Februari 2019"
"Kota Madiun";"3445";"0";"Februari 2019"
"Kota Malang";"256022";"592";"Februari 2019"
"Kota Mojokerto";"5132";"0";"Februari 2019"
"Kota Pasuruan";"12661";"17";"Februari 2019"
"Kota Probolinggo";"88861";"500";"Februari 2019"
"Kota Surabaya";"689332";"6683";"Februari 2019"
"Bangkalan";"129957";"14";"Maret 2019"
"Banyuwangi";"437107";"6910";"Maret 2019"
"Blitar";"189798";"47";"Maret 2019"
"Bojonegoro";"54475";"0";"Maret 2019"
"Bondowoso";"47924";"5211";"Maret 2019"
"Gresik";"420722";"2858";"Maret 2019"
"Jember";"2557";"0";"Maret 2019"
"Jombang";"138598";"0";"Maret 2019"
"Kediri";"342108";"29";"Maret 2019"
"Lamongan";"275061";"17";"Maret 2019"
"Lumajang";"62283";"95";"Maret 2019"
"Madiun";"24797";"0";"Maret 2019"
"Magetan";"88839";"0";"Maret 2019"
"Malang";"542130";"4788";"Maret 2019"
"Mojokerto";"123098";"53";"Maret 2019"
"Nganjuk";"32473";"0";"Maret 2019"
"Ngawi";"48450";"1";"Maret 2019"
"Pacitan";"51738";"116";"Maret 2019"
"Pamekasan";"21367";"0";"Maret 2019"
"Pasuruan";"247047";"254";"Maret 2019"
"Ponorogo";"48733";"72";"Maret 2019"
"Probolinggo";"61829";"2157";"Maret 2019"
"Sampang";"38580";"0";"Maret 2019"
"Sidoarjo";"119816";"451";"Maret 2019"
"Situbondo";"59973";"119";"Maret 2019"
"Sumenep";"96861";"102";"Maret 2019"
"Trenggalek";"29605";"0";"Maret 2019"
"Tuban";"636769";"172";"Maret 2019"
"Tulungagung";"61468";"0";"Maret 2019"
"Kota Batu";"437643";"958";"Maret 2019"
"Kota Blitar";"137676";"122";"Maret 2019"
"Kota Kediri";"12214";"0";"Maret 2019"
"Kota Madiun";"3049";"0";"Maret 2019"
"Kota Malang";"248035";"362";"Maret 2019"
"Kota Mojokerto";"1774";"0";"Maret 2019"
"Kota Pasuruan";"15494";"6";"Maret 2019"
"Kota Probolinggo";"102464";"22";"Maret 2019"
"Kota Surabaya";"841803";"6654";"Maret 2019"
"Bangkalan";"130135";"7";"April 2019"
"Banyuwangi";"393795";"8413";"April 2019"
"Blitar";"198894";"67";"April 2019"
"Bojonegoro";"63658";"5";"April 2019"
"Bondowoso";"23608";"2915";"April 2019"
"Gresik";"471777";"4078";"April 2019"
"Jember";"330";"0";"April 2019"
"Jombang";"191247";"0";"April 2019"
"Kediri";"223991";"32";"April 2019"
"Lamongan";"318071";"22";"April 2019"
"Lumajang";"79209";"291";"April 2019"
"Madiun";"29074";"0";"April 2019"
"Magetan";"86251";"0";"April 2019"
"Malang";"608076";"4656";"April 2019"
"Mojokerto";"171446";"74";"April 2019"
"Nganjuk";"32774";"0";"April 2019"
"Ngawi";"52986";"3";"April 2019"
"Pacitan";"80903";"118";"April 2019"
"Pamekasan";"23672";"0";"April 2019"
"Pasuruan";"213558";"370";"April 2019"
"Ponorogo";"42955";"15";"April 2019"
"Probolinggo";"70173";"2743";"April 2019"
"Sampang";"34579";"0";"April 2019"
"Sidoarjo";"135044";"283";"April 2019"
"Situbondo";"49190";"98";"April 2019"
"Sumenep";"154667";"80";"April 2019"
"Trenggalek";"54217";"0";"April 2019"
"Tuban";"813854";"373";"April 2019"
"Tulungagung";"79313";"6";"April 2019"
"Kota Batu";"532131";"654";"April 2019"
"Kota Blitar";"146305";"58";"April 2019"
"Kota Kediri";"14220";"6";"April 2019"
"Kota Madiun";"3261";"0";"April 2019"
"Kota Malang";"235472";"326";"April 2019"
"Kota Mojokerto";"8258";"0";"April 2019"
"Kota Pasuruan";"6881";"24";"April 2019"
"Kota Probolinggo";"106101";"171";"April 2019"
"Kota Surabaya";"872366";"5098";"April 2019"
"";"";"";"April 2019"
"Bangkalan";"136036";"0";"Mei 2019"
"Banyuwangi";"334959";"7653";"Mei 2019"
"Blitar";"166177";"45";"Mei 2019"
"Bojonegoro";"152159";"1";"Mei 2019"
"Bondowoso";"35670";"2102";"Mei 2019"
"Gresik";"129939";"2140";"Mei 2019"
"Jember";"915";"2";"Mei 2019"
"Jombang";"64213";"0";"Mei 2019"
"Kediri";"166536";"36";"Mei 2019"
"Lamongan";"112757";"50";"Mei 2019"
"Lumajang";"23166";"139";"Mei 2019"
"Madiun";"14550";"0";"Mei 2019"
"Magetan";"67769";"0";"Mei 2019"
"Malang";"302999";"4814";"Mei 2019"
"Mojokerto";"55603";"87";"Mei 2019"
"Nganjuk";"26397";"0";"Mei 2019"
"Ngawi";"25863";"3";"Mei 2019"
"Pacitan";"38706";"46";"Mei 2019"
"Pamekasan";"14016";"0";"Mei 2019"
"Pasuruan";"183870";"328";"Mei 2019"
"Ponorogo";"32475";"10";"Mei 2019"
"Probolinggo";"23403";"2713";"Mei 2019"
"Sampang";"248269";"0";"Mei 2019"
"Sidoarjo";"115643";"246";"Mei 2019"
"Situbondo";"36240";"125";"Mei 2019"
"Sumenep";"29260";"26";"Mei 2019"
"Trenggalek";"17454";"0";"Mei 2019"
"Tuban";"147080";"228";"Mei 2019"
"Tulungagung";"32016";"0";"Mei 2019"
"Kota Batu";"222472";"154";"Mei 2019"
"Kota Blitar";"44732";"69";"Mei 2019"
"Kota Kediri";"8516";"0";"Mei 2019"
"Kota Madiun";"1969";"0";"Mei 2019"
"Kota Malang";"223319";"491";"Mei 2019"
"Kota Mojokerto";"9288";"0";"Mei 2019"
"Kota Pasuruan";"4708";"3";"Mei 2019"
"Kota Probolinggo";"47693";"24";"Mei 2019"
"Kota Surabaya";"454170";"3830";"Mei 2019"
"Bangkalan";"162298";"12";"Juni 2019"
"Banyuwangi";"452806";"15739";"Juni 2019"
"Blitar";"355631";"52";"Juni 2019"
"Bojonegoro";"174903";"0";"Juni 2019"
"Bondowoso";"52061";"5225";"Juni 2019"
"Gresik";"405547";"6530";"Juni 2019"
"Jember";"142485";"128";"Juni 2019"
"Jombang";"18781";"0";"Juni 2019"
"Kediri";"355585";"20";"Juni 2019"
"Lamongan";"281338";"27";"Juni 2019"
"Lumajang";"451430";"969";"Juni 2019"
"Madiun";"49377";"0";"Juni 2019"
"Magetan";"194427";"0";"Juni 2019"
"Malang";"768485";"16722";"Juni 2019"
"Mojokerto";"279586";"305";"Juni 2019"
"Nganjuk";"77122";"0";"Juni 2019"
"Ngawi";"219280";"0";"Juni 2019"
"Pacitan";"366710";"0";"Juni 2019"
"Pamekasan";"38191";"0";"Juni 2019"
"Pasuruan";"284198";"370";"Juni 2019"
"Ponorogo";"241723";"56";"Juni 2019"
"Probolinggo";"85851";"5192";"Juni 2019"
"Sampang";"129307";"0";"Juni 2019"
"Sidoarjo";"147359";"325";"Juni 2019"
"Situbondo";"95910";"72";"Juni 2019"
"Sumenep";"255707";"176";"Juni 2019"
"Trenggalek";"116232";"0";"Juni 2019"
"Tuban";"583785";"127";"Juni 2019"
"Tulungagung";"197300";"9";"Juni 2019"
"Kota Batu";"734612";"277";"Juni 2019"
"Kota Blitar";"140674";"110";"Juni 2019"
"Kota Kediri";"15216";"9";"Juni 2019"
"Kota Madiun";"5054";"0";"Juni 2019"
"Kota Malang";"282784";"827";"Juni 2019"
"Kota Mojokerto";"20849";"0";"Juni 2019"
"Kota Pasuruan";"7513";"5";"Juni 2019"
"Kota Probolinggo";"113095";"84";"Juni 2019"
"Kota Surabaya";"920733";"2830";"Juni 2019"
"";"";"";"Juni 2019"
"Bangkalan";"113488";"12";"Juli 2019"
"Banyuwangi";"453536";"6979";"Juli 2019"
"Blitar";"270376";"100";"Juli 2019"
"Bojonegoro";"66732";"206";"Juli 2019"
"Bondowoso";"51656";"975";"Juli 2019"
"Gresik";"367117";"1148";"Juli 2019"
"Jember";"135359";"120";"Juli 2019"
"Jombang";"144912";"2";"Juli 2019"
"Kediri";"979183";"97";"Juli 2019"
"Lamongan";"287009";"16";"Juli 2019"
"Lumajang";"76894";"1552";"Juli 2019"
"Madiun";"38770";"0";"Juli 2019"
"Magetan";"129903";"0";"Juli 2019"
"Malang";"862705";"7446";"Juli 2019"
"Mojokerto";"164494";"181";"Juli 2019"
"Nganjuk";"43183";"0";"Juli 2019"
"Ngawi";"69192";"0";"Juli 2019"
"Pacitan";"191114";"0";"Juli 2019"
"Pamekasan";"42337";"0";"Juli 2019"
"Pasuruan";"268083";"543";"Juli 2019"
"Ponorogo";"53947";"0";"Juli 2019"
"Probolinggo";"188073";"5777";"Juli 2019"
"Sampang";"69677";"28";"Juli 2019"
"Sidoarjo";"149041";"240";"Juli 2019"
"Situbondo";"70392";"230";"Juli 2019"
"Sumenep";"88223";"466";"Juli 2019"
"Trenggalek";"76760";"0";"Juli 2019"
"Tuban";"661168";"98";"Juli 2019"
"Tulungagung";"152754";"0";"Juli 2019"
"Kota Batu";"589161";"1209";"Juli 2019"
"Kota Blitar";"169946";"240";"Juli 2019"
"Kota Kediri";"12532";"0";"Juli 2019"
"Kota Madiun";"3828";"0";"Juli 2019"
"Kota Malang";"427438";"948";"Juli 2019"
"Kota Mojokerto";"22030";"8";"Juli 2019"
"Kota Pasuruan";"10349";"5";"Juli 2019"
"Kota Probolinggo";"93549";"86";"Juli 2019"
"Kota Surabaya";"973785";"9299";"Juli 2019"
"Bangkalan";"245673";"7";"Agustus 2019"
"Banyuwangi";"379480";"12096";"Agustus 2019"
"Blitar";"132897";"95";"Agustus 2019"
"Bojonegoro";"58972";"206";"Agustus 2019"
"Bondowoso";"38943";"2311";"Agustus 2019"
"Gresik";"313935";"1059";"Agustus 2019"
"Jember";"101520";"90";"Agustus 2019"
"Jombang";"77854";"2";"Agustus 2019"
"Kediri";"195729";"68";"Agustus 2019"
"Lamongan";"169904";"35";"Agustus 2019"
"Lumajang";"116671";"2553";"Agustus 2019"
"Madiun";"21849";"0";"Agustus 2019"
"Magetan";"71192";"0";"Agustus 2019"
"Malang";"469137";"9391";"Agustus 2019"
"Mojokerto";"130671";"144";"Agustus 2019"
"Nganjuk";"36282";"0";"Agustus 2019"
"Ngawi";"42655";"0";"Agustus 2019"
"Pacitan";"59388";"0";"Agustus 2019"
"Pamekasan";"18601";"0";"Agustus 2019"
"Pasuruan";"233451";"695";"Agustus 2019"
"Ponorogo";"270752";"0";"Agustus 2019"
"Probolinggo";"54090";"7261";"Agustus 2019"
"Sampang";"43436";"16";"Agustus 2019"
"Sidoarjo";"143635";"238";"Agustus 2019"
"Situbondo";"43082";"254";"Agustus 2019"
"Sumenep";"71633";"187";"Agustus 2019"
"Trenggalek";"28683";"0";"Agustus 2019"
"Tuban";"297310";"106";"Agustus 2019"
"Tulungagung";"78536";"5";"Agustus 2019"
"Kota Batu";"378775";"1478";"Agustus 2019"
"Kota Blitar";"44639";"94";"Agustus 2019"
"Kota Kediri";"10149";"10";"Agustus 2019"
"Kota Madiun";"1726";"0";"Agustus 2019"
"Kota Malang";"331143";"1215";"Agustus 2019"
"Kota Mojokerto";"15077";"2";"Agustus 2019"
"Kota Pasuruan";"24731";"2";"Agustus 2019"
"Kota Probolinggo";"64366";"74";"Agustus 2019"
"Kota Surabaya";"707518";"7285";"Agustus 2019"
"Bangkalan";"206570";"35";"September 2019"
"Banyuwangi";"323955";"8439";"September 2019"
"Blitar";"72228";"68";"September 2019"
"Bojonegoro";"37579";"0";"September 2019"
"Bondowoso";"16542";"2289";"September 2019"
"Gresik";"469719";"1044";"September 2019"
"Jember";"55835";"50";"September 2019"
"Jombang";"182366";"0";"September 2019"
"Kediri";"261068";"48";"September 2019"
"Lamongan";"283711";"11";"September 2019"
"Lumajang";"167203";"1925";"September 2019"
"Madiun";"41892";"0";"September 2019"
"Magetan";"75101";"0";"September 2019"
"Malang";"551552";"40149";"September 2019"
"Mojokerto";"168065";"30";"September 2019"
"Nganjuk";"212402";"62";"September 2019"
"Ngawi";"53465";"0";"September 2019"
"Pacitan";"13833";"0";"September 2019"
"Pamekasan";"25406";"0";"September 2019"
"Pasuruan";"235539";"474";"September 2019"
"Ponorogo";"82446";"0";"September 2019"
"Probolinggo";"50989";"4597";"September 2019"
"Sampang";"38679";"41";"September 2019"
"Sidoarjo";"98717";"204";"September 2019"
"Situbondo";"45847";"213";"September 2019"
"Sumenep";"93471";"462";"September 2019"
"Trenggalek";"39579";"0";"September 2019"
"Tuban";"743025";"113";"September 2019"
"Tulungagung";"97042";"0";"September 2019"
"Kota Batu";"364243";"1821";"September 2019"
"Kota Blitar";"178712";"136";"September 2019"
"Kota Kediri";"13912";"0";"September 2019"
"Kota Madiun";"2386";"0";"September 2019"
"Kota Malang";"277867";"1659";"September 2019"
"Kota Mojokerto";"15048";"0";"September 2019"
"Kota Pasuruan";"8180";"2";"September 2019"
"Kota Probolinggo";"63907";"90";"September 2019"
"Kota Surabaya";"908168";"2743";"September 2019"
"Bangkalan";"228154";"26";"Oktober 2019"
"Banyuwangi";"338368";"6464";"Oktober 2019"
"Blitar";"163148";"67";"Oktober 2019"
"Bojonegoro";"58126";"3";"Oktober 2019"
"Bondowoso";"27933";"193";"Oktober 2019"
"Gresik";"15684";"4130";"Oktober 2019"
"Jember";"58626";"52";"Oktober 2019"
"Jombang";"163413";"0";"Oktober 2019"
"Kediri";"299318";"158";"Oktober 2019"
"Lamongan";"168039";"19";"Oktober 2019"
"Lumajang";"69788";"653";"Oktober 2019"
"Madiun";"29531";"0";"Oktober 2019"
"Magetan";"71452";"0";"Oktober 2019"
"Malang";"1174103";"14076";"Oktober 2019"
"Mojokerto";"186238";"13";"Oktober 2019"
"Nganjuk";"50051";"0";"Oktober 2019"
"Ngawi";"45191";"0";"Oktober 2019"
"Pacitan";"153187";"58";"Oktober 2019"
"Pamekasan";"23404";"0";"Oktober 2019"
"Pasuruan";"190926";"3040";"Oktober 2019"
"Ponorogo";"53978";"0";"Oktober 2019"
"Probolinggo";"69540";"5085";"Oktober 2019"
"Sampang";"35870";"58";"Oktober 2019"
"Sidoarjo";"99422";"170";"Oktober 2019"
"Situbondo";"42787";"178";"Oktober 2019"
"Sumenep";"97103";"22";"Oktober 2019"
"Trenggalek";"46889";"0";"Oktober 2019"
"Tuban";"527286";"253";"Oktober 2019"
"Tulungagung";"123697";"0";"Oktober 2019"
"Kota Batu";"480647";"1706";"Oktober 2019"
"Kota Blitar";"171674";"123";"Oktober 2019"
"Kota Kediri";"14581";"0";"Oktober 2019"
"Kota Madiun";"2227";"0";"Oktober 2019"
"Kota Malang";"270824";"1494";"Oktober 2019"
"Kota Mojokerto";"20855";"0";"Oktober 2019"
"Kota Pasuruan";"18462";"4";"Oktober 2019"
"Kota Probolinggo";"75132";"99";"Oktober 2019"
"Kota Surabaya";"594967";"3348";"Oktober 2019"
"Bangkalan";"223159";"7";"November 2019"
"Banyuwangi";"330300";"15315";"November 2019"
"Blitar";"172120";"39";"November 2019"
"Bojonegoro";"109686";"0";"November 2019"
"Bondowoso";"32917";"124";"November 2019"
"Gresik";"875550";"2287";"November 2019"
"Jember";"76217";"68";"November 2019"
"Jombang";"141507";"0";"November 2019"
"Kediri";"281072";"12";"November 2019"
"Lamongan";"181535";"22";"November 2019"
"Lumajang";"38774";"122";"November 2019"
"Madiun";"98155";"0";"November 2019"
"Magetan";"78460";"0";"November 2019"
"Malang";"531733";"8287";"November 2019"
"Mojokerto";"186716";"20";"November 2019"
"Nganjuk";"28606";"0";"November 2019"
"Ngawi";"46971";"0";"November 2019"
"Pacitan";"195322";"12";"November 2019"
"Pamekasan";"20410";"0";"November 2019"
"Pasuruan";"209881";"3121";"November 2019"
"Ponorogo";"66094";"0";"November 2019"
"Probolinggo";"54999";"1764";"November 2019"
"Sampang";"53785";"0";"November 2019"
"Sidoarjo";"98618";"153";"November 2019"
"Situbondo";"57850";"88";"November 2019"
"Sumenep";"112524";"7";"November 2019"
"Trenggalek";"67522";"0";"November 2019"
"Tuban";"683460";"166";"November 2019"
"Tulungagung";"158558";"0";"November 2019"
"Kota Batu";"427390";"271";"November 2019"
"Kota Blitar";"183145";"152";"November 2019"
"Kota Kediri";"12600";"0";"November 2019"
"Kota Madiun";"6190";"0";"November 2019"
"Kota Malang";"296132";"1346";"November 2019"
"Kota Mojokerto";"22039";"7";"November 2019"
"Kota Pasuruan";"27054";"11";"November 2019"
"Kota Probolinggo";"101230";"22";"November 2019"
"Kota Surabaya";"807141";"3159";"November 2019"
"Bangkalan";"235403";"4";"Desember 2019"
"Banyuwangi";"320586";"191774";"Desember 2019"
"Blitar";"370887";"44";"Desember 2019"
"Bojonegoro";"6233";"0";"Desember 2019"
"Bondowoso";"65569";"4611";"Desember 2019"
"Gresik";"540455";"2573";"Desember 2019"
"Jember";"78533";"0";"Desember 2019"
"Jombang";"87648";"0";"Desember 2019"
"Kediri";"478981";"17";"Desember 2019"
"Lamongan";"251862";"17";"Desember 2019"
"Lumajang";"224671";"948";"Desember 2019"
"Madiun";"113654";"0";"Desember 2019"
"Magetan";"131003";"0";"Desember 2019"
"Malang";"960726";"7412";"Desember 2019"
"Mojokerto";"201598";"15";"Desember 2019"
"Nganjuk";"33380";"0";"Desember 2019"
"Ngawi";"48649";"0";"Desember 2019"
"Pacitan";"440925";"49";"Desember 2019"
"Pamekasan";"17974";"0";"Desember 2019"
"Pasuruan";"220777";"3476";"Desember 2019"
"Ponorogo";"96321";"0";"Desember 2019"
"Probolinggo";"57510";"1703";"Desember 2019"
"Sampang";"97513";"0";"Desember 2019"
"Sidoarjo";"99485";"166";"Desember 2019"
"Situbondo";"102015";"42";"Desember 2019"
"Sumenep";"141530";"3";"Desember 2019"
"Trenggalek";"116263";"0";"Desember 2019"
"Tuban";"956331";"214";"Desember 2019"
"Tulungagung";"243610";"0";"Desember 2019"
"Kota Batu";"1003806";"1478";"Desember 2019"
"Kota Blitar";"197881";"150";"Desember 2019"
"Kota Kediri";"13250";"0";"Desember 2019"
"Kota Madiun";"9090";"0";"Desember 2019"
"Kota Malang";"428912";"1468";"Desember 2019"
"Kota Mojokerto";"15282";"2";"Desember 2019"
"Kota Pasuruan";"25575";"5";"Desember 2019"
"Kota Probolinggo";"107936";"160";"Desember 2019"
"Kota Surabaya";"22832";"189";"Desember 2019"
"";"";"";"Desember 2019"
"";"";"";"Desember 2019"
"Bangkalan";"403507";"4";"Januari 2020"
"Banyuwangi";"772848";"1715";"Januari 2020"
"Blitar";"323441";"0";"Januari 2020"
"Bojonegoro";"68604";"15";"Januari 2020"
"Bondowoso";"67999";"982";"Januari 2020"
"Gresik";"417164";"340";"Januari 2020"
"Jember";"19883";"0";"Januari 2020"
"Jombang";"119292";"5";"Januari 2020"
"Kediri";"356228";"12";"Januari 2020"
"Lamongan";"229592";"235";"Januari 2020"
"Lumajang";"295124";"10";"Januari 2020"
"Madiun";"56399";"0";"Januari 2020"
"Magetan";"122849";"0";"Januari 2020"
"Malang";"157856";"2788";"Januari 2020"
"Mojokerto";"117415";"0";"Januari 2020"
"Nganjuk";"46895";"0";"Januari 2020"
"Ngawi";"144622";"0";"Januari 2020"
"Pacitan";"272643";"1";"Januari 2020"
"Pamekasan";"6468";"5";"Januari 2020"
"Pasuruan";"342406";"345";"Januari 2020"
"Ponorogo";"101186";"31";"Januari 2020"
"Probolinggo";"118677";"1681";"Januari 2020"
"Sampang";"7093";"0";"Januari 2020"
"Sidoarjo";"169161";"1376";"Januari 2020"
"Situbondo";"137627";"1";"Januari 2020"
"Sumenep";"116805";"14";"Januari 2020"
"Trenggalek";"109271";"10";"Januari 2020"
"Tuban";"619239";"11";"Januari 2020"
"Tulungagung";"127273";"28";"Januari 2020"
"Kota Batu";"505709";"658";"Januari 2020"
"Kota Blitar";"144211";"47";"Januari 2020"
"Kota Kediri";"9721";"46";"Januari 2020"
"Kota Madiun";"26244";"280";"Januari 2020"
"Kota Malang";"302550";"2761";"Januari 2020"
"Kota Mojokerto";"31670";"316";"Januari 2020"
"Kota Pasuruan";"35827";"608";"Januari 2020"
"Kota Probolinggo";"111606";"488";"Januari 2020"
"Kota Surabaya";"898033";"20895";"Januari 2020"
"Bangkalan";"92875";"6";"Februari 2020"
"Banyuwangi";"424879";"1524";"Februari 2020"
"Blitar";"157767";"0";"Februari 2020"
"Bojonegoro";"30051";"0";"Februari 2020"
"Bondowoso";"28225";"377";"Februari 2020"
"Gresik";"278765";"321";"Februari 2020"
"Jember";"8989";"28";"Februari 2020"
"Jombang";"82805";"13";"Februari 2020"
"Kediri";"227965";"21";"Februari 2020"
"Lamongan";"175221";"304";"Februari 2020"
"Lumajang";"119620";"30";"Februari 2020"
"Madiun";"25784";"0";"Februari 2020"
"Magetan";"42286";"0";"Februari 2020"
"Malang";"109664";"2748";"Februari 2020"
"Mojokerto";"64970";"0";"Februari 2020"
"Nganjuk";"21793";"0";"Februari 2020"
"Ngawi";"37551";"0";"Februari 2020"
"Pacitan";"113582";"1";"Februari 2020"
"Pamekasan";"2635";"3";"Februari 2020"
"Pasuruan";"282267";"289";"Februari 2020"
"Ponorogo";"63033";"49";"Februari 2020"
"Probolinggo";"51214";"754";"Februari 2020"
"Sampang";"6344";"0";"Februari 2020"
"Sidoarjo";"149830";"1280";"Februari 2020"
"Situbondo";"30610";"0";"Februari 2020"
"Sumenep";"90948";"2";"Februari 2020"
"Trenggalek";"41427";"1";"Februari 2020"
"Tuban";"463254";"10";"Februari 2020"
"Tulungagung";"48957";"23";"Februari 2020"
"Kota Batu";"319246";"530";"Februari 2020"
"Kota Blitar";"103895";"55";"Februari 2020"
"Kota Kediri";"13477";"46";"Februari 2020"
"Kota Madiun";"22707";"281";"Februari 2020"
"Kota Malang";"217858";"2724";"Februari 2020"
"Kota Mojokerto";"20581";"196";"Februari 2020"
"Kota Pasuruan";"35742";"492";"Februari 2020"
"Kota Probolinggo";"76830";"522";"Februari 2020"
"Kota Surabaya";"685751";"18254";"Februari 2020"
"Bangkalan";"42530";"0";"Maret 2020"
"Banyuwangi";"192598";"437";"Maret 2020"
"Blitar";"85094";"12";"Maret 2020"
"Bojonegoro";"16254";"21";"Maret 2020"
"Bondowoso";"11995";"158";"Maret 2020"
"Gresik";"0";"7";"Maret 2020"
"Jember";"0";"0";"Maret 2020"
"Jombang";"80834";"66";"Maret 2020"
"Kediri";"113511";"0";"Maret 2020"
"Lamongan";"119776";"233";"Maret 2020"
"Lumajang";"54735";"17";"Maret 2020"
"Madiun";"11942";"0";"Maret 2020"
"Magetan";"26652";"0";"Maret 2020"
"Malang";"27089";"1304";"Maret 2020"
"Mojokerto";"45217";"0";"Maret 2020"
"Nganjuk";"10227";"0";"Maret 2020"
"Ngawi";"20920";"0";"Maret 2020"
"Pacitan";"55053";"0";"Maret 2020"
"Pamekasan";"1500";"1";"Maret 2020"
"Pasuruan";"173324";"188";"Maret 2020"
"Ponorogo";"21062";"4";"Maret 2020"
"Probolinggo";"22019.62";"91";"Maret 2020"
"Sampang";"2582";"0";"Maret 2020"
"Sidoarjo";"86115";"965";"Maret 2020"
"Situbondo";"16545";"0";"Maret 2020"
"Sumenep";"282";"0";"Maret 2020"
"Trenggalek";"23338";"0";"Maret 2020"
"Tuban";"313198";"13";"Maret 2020"
"Tulungagung";"152";"14";"Maret 2020"
"Kota Batu";"170788";"177";"Maret 2020"
"Kota Blitar";"61239";"15";"Maret 2020"
"Kota Kediri";"0";"0";"Maret 2020"
"Kota Madiun";"10195";"145";"Maret 2020"
"Kota Malang";"102634";"1306";"Maret 2020"
"Kota Mojokerto";"12958";"244";"Maret 2020"
"Kota Pasuruan";"1238";"554";"Maret 2020"
"Kota Probolinggo";"43932";"151";"Maret 2020"
"Kota Surabaya";"414033";"10334";"Maret 2020"
"Bangkalan";"0";"0";"April 2020"
"Banyuwangi";"1000";"0";"April 2020"
"Blitar";"24980";"0";"April 2020"
"Bojonegoro";"684";"0";"April 2020"
"Bondowoso";"0";"0";"April 2020"
"Gresik";"0";"4";"April 2020"
"Jember";"0";"2";"April 2020"
"Jombang";"0";"0";"April 2020"
"Kediri";"0";"0";"April 2020"
"Lamongan";"1341";"54";"April 2020"
"Lumajang";"0";"0";"April 2020"
"Madiun";"300";"0";"April 2020"
"Magetan";"0";"0";"April 2020"
"Malang";"0";"106";"April 2020"
"Mojokerto";"0";"0";"April 2020"
"Nganjuk";"0";"0";"April 2020"
"Ngawi";"0";"0";"April 2020"
"Pacitan";"0";"0";"April 2020"
"Pamekasan";"0";"0";"April 2020"
"Pasuruan";"95";"84";"April 2020"
"Ponorogo";"0";"1";"April 2020"
"Probolinggo";"2645";"0";"April 2020"
"Sampang";"101";"0";"April 2020"
"Sidoarjo";"0";"0";"April 2020"
"Situbondo";"0";"0";"April 2020"
"Sumenep";"0";"0";"April 2020"
"Trenggalek";"0";"0";"April 2020"
"Tuban";"0";"2";"April 2020"
"Tulungagung";"0";"6";"April 2020"
"Kota Batu";"0";"0";"April 2020"
"Kota Blitar";"65";"10";"April 2020"
"Kota Kediri";"0";"0";"April 2020"
"Kota Madiun";"2842";"2";"April 2020"
"Kota Malang";"8786";"106";"April 2020"
"Kota Mojokerto";"0";"98";"April 2020"
"Kota Pasuruan";"1032";"348";"April 2020"
"Kota Probolinggo";"849";"26";"April 2020"
"Kota Surabaya";"92321";"3865";"April 2020"
"";"";"";"April 2020"
"Bangkalan";"0";"4";"Mei 2020"
"Banyuwangi";"1200";"123";"Mei 2020"
"Blitar";"17165";"0";"Mei 2020"
"Bojonegoro";"331";"0";"Mei 2020"
"Bondowoso";"0";"0";"Mei 2020"
"Gresik";"0";"0";"Mei 2020"
"Jember";"0";"0";"Mei 2020"
"Jombang";"0";"0";"Mei 2020"
"Kediri";"0";"0";"Mei 2020"
"Lamongan";"0";"31";"Mei 2020"
"Lumajang";"0";"2";"Mei 2020"
"Madiun";"245";"0";"Mei 2020"
"Magetan";"0";"0";"Mei 2020"
"Malang";"0";"50";"Mei 2020"
"Mojokerto";"0";"0";"Mei 2020"
"Nganjuk";"0";"0";"Mei 2020"
"Ngawi";"0";"0";"Mei 2020"
"Pacitan";"0";"0";"Mei 2020"
"Pamekasan";"0";"0";"Mei 2020"
"Pasuruan";"0";"3";"Mei 2020"
"Ponorogo";"0";"0";"Mei 2020"
"Probolinggo";"1008";"0";"Mei 2020"
"Sampang";"87";"0";"Mei 2020"
"Sidoarjo";"0";"0";"Mei 2020"
"Situbondo";"0";"0";"Mei 2020"
"Sumenep";"0";"0";"Mei 2020"
"Trenggalek";"0";"0";"Mei 2020"
"Tuban";"0";"7";"Mei 2020"
"Tulungagung";"0";"0";"Mei 2020"
"Kota Batu";"0";"0";"Mei 2020"
"Kota Blitar";"53";"2";"Mei 2020"
"Kota Kediri";"0";"0";"Mei 2020"
"Kota Madiun";"2891";"0";"Mei 2020"
"Kota Malang";"5258";"48";"Mei 2020"
"Kota Mojokerto";"0";"60";"Mei 2020"
"Kota Pasuruan";"651";"0";"Mei 2020"
"Kota Probolinggo";"770";"2";"Mei 2020"
"Kota Surabaya";"80224";"2766";"Mei 2020"
"Bangkalan";"0";"8";"Juni 2020"
"Banyuwangi";"36752";"165";"Juni 2020"
"Blitar";"44585";"0";"Juni 2020"
"Bojonegoro";"245";"0";"Juni 2020"
"Bondowoso";"0";"0";"Juni 2020"
"Gresik";"32102";"0";"Juni 2020"
"Jember";"0";"0";"Juni 2020"
"Jombang";"0";"1";"Juni 2020"
"Kediri";"27913";"0";"Juni 2020"
"Lamongan";"0";"48";"Juni 2020"
"Lumajang";"441";"0";"Juni 2020"
"Madiun";"541";"0";"Juni 2020"
"Magetan";"48765";"0";"Juni 2020"
"Malang";"0";"128";"Juni 2020"
"Mojokerto";"0";"0";"Juni 2020"
"Nganjuk";"0";"0";"Juni 2020"
"Ngawi";"0";"0";"Juni 2020"
"Pacitan";"0";"0";"Juni 2020"
"Pamekasan";"0";"0";"Juni 2020"
"Pasuruan";"4096";"0";"Juni 2020"
"Ponorogo";"29295";"0";"Juni 2020"
"Probolinggo";"15611";"0";"Juni 2020"
"Sampang";"95";"0";"Juni 2020"
"Sidoarjo";"0";"0";"Juni 2020"
"Situbondo";"0";"0";"Juni 2020"
"Sumenep";"0";"0";"Juni 2020"
"Trenggalek";"0";"0";"Juni 2020"
"Tuban";"567";"0";"Juni 2020"
"Tulungagung";"13815";"0";"Juni 2020"
"Kota Batu";"3664";"0";"Juni 2020"
"Kota Blitar";"1788";"2";"Juni 2020"
"Kota Kediri";"0";"0";"Juni 2020"
"Kota Madiun";"8211";"0";"Juni 2020"
"Kota Malang";"21391";"218";"Juni 2020"
"Kota Mojokerto";"0";"0";"Juni 2020"
"Kota Pasuruan";"1232";"463";"Juni 2020"
"Kota Probolinggo";"4433";"1";"Juni 2020"
"Kota Surabaya";"81270";"2588";"Juni 2020"
"";"";"";"Juni 2020"
"Bangkalan";"1364";"0";"Juli 2020"
"Banyuwangi";"177808";"172";"Juli 2020"
"Blitar";"64635";"0";"Juli 2020"
"Bojonegoro";"1297";"0";"Juli 2020"
"Bondowoso";"15948";"0";"Juli 2020"
"Gresik";"63780";"0";"Juli 2020"
"Jember";"0";"0";"Juli 2020"
"Jombang";"1141";"1";"Juli 2020"
"Kediri";"3472";"0";"Juli 2020"
"Lamongan";"30324";"47";"Juli 2020"
"Lumajang";"6240";"0";"Juli 2020"
"Madiun";"5806";"0";"Juli 2020"
"Magetan";"59609";"0";"Juli 2020"
"Malang";"57865";"103";"Juli 2020"
"Mojokerto";"69012";"0";"Juli 2020"
"Nganjuk";"0";"0";"Juli 2020"
"Ngawi";"0";"0";"Juli 2020"
"Pacitan";"6716";"0";"Juli 2020"
"Pamekasan";"4154";"0";"Juli 2020"
"Pasuruan";"11284";"0";"Juli 2020"
"Ponorogo";"29814";"0";"Juli 2020"
"Probolinggo";"33052";"0";"Juli 2020"
"Sampang";"3249";"0";"Juli 2020"
"Sidoarjo";"31774";"1";"Juli 2020"
"Situbondo";"0";"0";"Juli 2020"
"Sumenep";"0";"0";"Juli 2020"
"Trenggalek";"19130";"0";"Juli 2020"
"Tuban";"20815";"1";"Juli 2020"
"Tulungagung";"127587";"0";"Juli 2020"
"Kota Batu";"44387";"25";"Juli 2020"
"Kota Blitar";"8221";"0";"Juli 2020"
"Kota Kediri";"0";"0";"Juli 2020"
"Kota Madiun";"10026";"0";"Juli 2020"
"Kota Malang";"31021";"103";"Juli 2020"
"Kota Mojokerto";"50135";"0";"Juli 2020"
"Kota Pasuruan";"1694";"432";"Juli 2020"
"Kota Probolinggo";"9179";"4";"Juli 2020"
"Kota Surabaya";"137311";"2388";"Juli 2020"
"Bangkalan";"161151";"0";"Agustus 2020"
"Banyuwangi";"245788";"99";"Agustus 2020"
"Blitar";"173300";"0";"Agustus 2020"
"Bojonegoro";"25816";"0";"Agustus 2020"
"Bondowoso";"18005";"0";"Agustus 2020"
"Gresik";"136518";"0";"Agustus 2020"
"Jember";"0";"0";"Agustus 2020"
"Jombang";"2015";"0";"Agustus 2020"
"Kediri";"30004";"0";"Agustus 2020"
"Lamongan";"71965";"22";"Agustus 2020"
"Lumajang";"62381";"0";"Agustus 2020"
"Madiun";"32082";"0";"Agustus 2020"
"Magetan";"122353";"0";"Agustus 2020"
"Malang";"77803";"156";"Agustus 2020"
"Mojokerto";"120707";"0";"Agustus 2020"
"Nganjuk";"11184";"0";"Agustus 2020"
"Ngawi";"24086";"0";"Agustus 2020"
"Pacitan";"49064";"0";"Agustus 2020"
"Pamekasan";"5944";"1";"Agustus 2020"
"Pasuruan";"57340";"2";"Agustus 2020"
"Ponorogo";"36872";"0";"Agustus 2020"
"Probolinggo";"55410";"0";"Agustus 2020"
"Sampang";"4222";"0";"Agustus 2020"
"Sidoarjo";"34608";"0";"Agustus 2020"
"Situbondo";"10163";"0";"Agustus 2020"
"Sumenep";"0";"0";"Agustus 2020"
"Trenggalek";"58747";"0";"Agustus 2020"
"Tuban";"152414";"11";"Agustus 2020"
"Tulungagung";"208296";"3";"Agustus 2020"
"Kota Batu";"162780";"40";"Agustus 2020"
"Kota Blitar";"18439";"4";"Agustus 2020"
"Kota Kediri";"0";"0";"Agustus 2020"
"Kota Madiun";"18574";"0";"Agustus 2020"
"Kota Malang";"38507";"156";"Agustus 2020"
"Kota Mojokerto";"50226";"0";"Agustus 2020"
"Kota Pasuruan";"2355";"303";"Agustus 2020"
"Kota Probolinggo";"14364";"5";"Agustus 2020"
"Kota Surabaya";"179202";"1913";"Agustus 2020"
"Bangkalan";"68031";"0";"September 2020"
"Banyuwangi";"164418";"238";"September 2020"
"Blitar";"124383";"0";"September 2020"
"Bojonegoro";"44042";"0";"September 2020"
"Bondowoso";"24759";"0";"September 2020"
"Gresik";"109784";"7";"September 2020"
"Jember";"0";"0";"September 2020"
"Jombang";"1820";"0";"September 2020"
"Kediri";"30302";"0";"September 2020"
"Lamongan";"65571";"166";"September 2020"
"Lumajang";"53388";"0";"September 2020"
"Madiun";"35991";"0";"September 2020"
"Magetan";"92623";"0";"September 2020"
"Malang";"67113";"450";"September 2020"
"Mojokerto";"104872";"0";"September 2020"
"Nganjuk";"10285";"0";"September 2020"
"Ngawi";"33389";"0";"September 2020"
"Pacitan";"75546";"0";"September 2020"
"Pamekasan";"3987";"0";"September 2020"
"Pasuruan";"49913";"0";"September 2020"
"Ponorogo";"33508";"0";"September 2020"
"Probolinggo";"47137";"0";"September 2020"
"Sampang";"4777";"1";"September 2020"
"Sidoarjo";"34112";"0";"September 2020"
"Situbondo";"21400";"0";"September 2020"
"Sumenep";"0";"0";"September 2020"
"Trenggalek";"46348";"0";"September 2020"
"Tuban";"192836";"0";"September 2020"
"Tulungagung";"179564";"0";"September 2020"
"Kota Batu";"122386";"0";"September 2020"
"Kota Blitar";"28309";"1";"September 2020"
"Kota Kediri";"0";"0";"September 2020"
"Kota Madiun";"20470";"0";"September 2020"
"Kota Malang";"50640";"450";"September 2020"
"Kota Mojokerto";"50380";"0";"September 2020"
"Kota Pasuruan";"2403";"59";"September 2020"
"Kota Probolinggo";"28689";"18";"September 2020"
"Kota Surabaya";"181863";"827";"September 2020"
"Bangkalan";"64779";"0";"Oktober 2020"
"Banyuwangi";"195260";"293";"Oktober 2020"
"Blitar";"157330";"0";"Oktober 2020"
"Bojonegoro";"46944";"0";"Oktober 2020"
"Bondowoso";"30786";"0";"Oktober 2020"
"Gresik";"103083";"18";"Oktober 2020"
"Jember";"0";"0";"Oktober 2020"
"Jombang";"2545";"0";"Oktober 2020"
"Kediri";"56887";"0";"Oktober 2020"
"Lamongan";"95292";"115";"Oktober 2020"
"Lumajang";"72716";"0";"Oktober 2020"
"Madiun";"41463";"0";"Oktober 2020"
"Magetan";"115949";"0";"Oktober 2020"
"Malang";"61511";"0";"Oktober 2020"
"Mojokerto";"119866";"0";"Oktober 2020"
"Nganjuk";"9569";"0";"Oktober 2020"
"Ngawi";"25861";"0";"Oktober 2020"
"Pacitan";"85567";"0";"Oktober 2020"
"Pamekasan";"8280";"0";"Oktober 2020"
"Pasuruan";"51740";"7";"Oktober 2020"
"Ponorogo";"36101";"0";"Oktober 2020"
"Probolinggo";"56847";"0";"Oktober 2020"
"Sampang";"6446";"0";"Oktober 2020"
"Sidoarjo";"27137";"0";"Oktober 2020"
"Situbondo";"60596";"0";"Oktober 2020"
"Sumenep";"0";"0";"Oktober 2020"
"Trenggalek";"37023";"0";"Oktober 2020"
"Tuban";"309405";"0";"Oktober 2020"
"Tulungagung";"158688";"0";"Oktober 2020"
"Kota Batu";"212333";"3";"Oktober 2020"
"Kota Blitar";"22264";"2";"Oktober 2020"
"Kota Kediri";"0";"0";"Oktober 2020"
"Kota Madiun";"86248";"0";"Oktober 2020"
"Kota Malang";"47192";"0";"Oktober 2020"
"Kota Mojokerto";"50238";"0";"Oktober 2020"
"Kota Pasuruan";"2866";"38";"Oktober 2020"
"Kota Probolinggo";"58552";"23";"Oktober 2020"
"Kota Surabaya";"241629";"1207";"Oktober 2020"
"Bangkalan";"69684";"0";"November 2020"
"Banyuwangi";"193278";"312";"November 2020"
"Blitar";"218654";"0";"November 2020"
"Bojonegoro";"39405";"0";"November 2020"
"Bondowoso";"31923";"0";"November 2020"
"Gresik";"193795";"24";"November 2020"
"Jember";"0";"0";"November 2020"
"Jombang";"2110";"4";"November 2020"
"Kediri";"67747";"0";"November 2020"
"Lamongan";"156013";"19";"November 2020"
"Lumajang";"71763";"0";"November 2020"
"Madiun";"39115";"0";"November 2020"
"Magetan";"125285";"0";"November 2020"
"Malang";"288367";"767";"November 2020"
"Mojokerto";"112893";"0";"November 2020"
"Nganjuk";"8376";"0";"November 2020"
"Ngawi";"31769";"0";"November 2020"
"Pacitan";"89730";"0";"November 2020"
"Pamekasan";"6459";"0";"November 2020"
"Pasuruan";"58116";"1";"November 2020"
"Ponorogo";"52288";"0";"November 2020"
"Probolinggo";"57541";"2";"November 2020"
"Sampang";"6580";"0";"November 2020"
"Sidoarjo";"25215";"0";"November 2020"
"Situbondo";"35305";"0";"November 2020"
"Sumenep";"0";"0";"November 2020"
"Trenggalek";"43076";"0";"November 2020"
"Tuban";"426917";"0";"November 2020"
"Tulungagung";"169670";"0";"November 2020"
"Kota Batu";"196229";"2";"November 2020"
"Kota Blitar";"37625";"10";"November 2020"
"Kota Kediri";"0";"0";"November 2020"
"Kota Madiun";"86562";"0";"November 2020"
"Kota Malang";"51354";"767";"November 2020"
"Kota Mojokerto";"100214";"0";"November 2020"
"Kota Pasuruan";"2456";"47";"November 2020"
"Kota Probolinggo";"67588";"63";"November 2020"
"Kota Surabaya";"261718";"3348";"November 2020"
"Bangkalan";"57152";"0";"Desember 2020"
"Banyuwangi";"173631";"191";"Desember 2020"
"Blitar";"141328";"0";"Desember 2020"
"Bojonegoro";"19380";"0";"Desember 2020"
"Bondowoso";"27663";"0";"Desember 2020"
"Gresik";"42546";"0";"Desember 2020"
"Jember";"19864";"0";"Desember 2020"
"Jombang";"1253";"1";"Desember 2020"
"Kediri";"3472";"0";"Desember 2020"
"Lamongan";"169575";"9";"Desember 2020"
"Lumajang";"85360";"0";"Desember 2020"
"Madiun";"31399";"0";"Desember 2020"
"Magetan";"83920";"0";"Desember 2020"
"Malang";"254760";"226";"Desember 2020"
"Mojokerto";"77369";"0";"Desember 2020"
"Nganjuk";"3801";"0";"Desember 2020"
"Ngawi";"12837";"0";"Desember 2020"
"Pacitan";"112391";"0";"Desember 2020"
"Pamekasan";"7672";"0";"Desember 2020"
"Pasuruan";"20784";"2";"Desember 2020"
"Ponorogo";"44878";"0";"Desember 2020"
"Probolinggo";"35752";"3";"Desember 2020"
"Sampang";"7254";"0";"Desember 2020"
"Sidoarjo";"23804";"0";"Desember 2020"
"Situbondo";"17103";"0";"Desember 2020"
"Sumenep";"0";"0";"Desember 2020"
"Trenggalek";"37517";"0";"Desember 2020"
"Tuban";"397525";"0";"Desember 2020"
"Tulungagung";"51579";"0";"Desember 2020"
"Kota Batu";"245214";"25";"Desember 2020"
"Kota Blitar";"26269";"7";"Desember 2020"
"Kota Kediri";"0";"0";"Desember 2020"
"Kota Madiun";"16530";"0";"Desember 2020"
"Kota Malang";"55190";"226";"Desember 2020"
"Kota Mojokerto";"100260";"0";"Desember 2020"
"Kota Pasuruan";"2871";"10";"Desember 2020"
"Kota Probolinggo";"57754";"90";"Desember 2020"
"Kota Surabaya";"248207";"2767";"Desember 2020"
"";"";"";"Desember 2020"
"";"";"";"Desember 2020"
"Bangkalan";"31623";"0";"Januari 2022"
"Banyuwangi";"294636";"34";"Januari 2022"
"Blitar";"260738";"3";"Januari 2022"
"Bojonegoro";"62178";"0";"Januari 2022"
"Bondowoso";"36998";"0";"Januari 2022"
"Gresik";"430444";"3";"Januari 2022"
"Jember";"41595";"25";"Januari 2022"
"Jombang";"140033";"0";"Januari 2022"
"Kediri";"196144";"0";"Januari 2022"
"Lamongan";"393398";"4";"Januari 2022"
"Lumajang";"82599";"0";"Januari 2022"
"Madiun";"72338";"0";"Januari 2022"
"Magetan";"191758";"0";"Januari 2022"
"Malang";"284342";"23";"Januari 2022"
"Mojokerto";"110027";"0";"Januari 2022"
"Nganjuk";"20806";"0";"Januari 2022"
"Ngawi";"73430";"0";"Januari 2022"
"Pacitan";"162584";"0";"Januari 2022"
"Pamekasan";"19364";"0";"Januari 2022"
"Pasuruan";"218565";"550";"Januari 2022"
"Ponorogo";"57942";"0";"Januari 2022"
"Probolinggo";"148875";"24";"Januari 2022"
"Sampang";"18757";"2";"Januari 2022"
"Sidoarjo";"48624";"10";"Januari 2022"
"Situbondo";"100803";"5";"Januari 2022"
"Sumenep";"101817";"0";"Januari 2022"
"Trenggalek";"73874";"2";"Januari 2022"
"Tuban";"566347";"2";"Januari 2022"
"Tulungagung";"144008";"0";"Januari 2022"
"Kota Batu";"547117";"0";"Januari 2022"
"Kota Blitar";"147211";"0";"Januari 2022"
"Kota Kediri";"10581";"0";"Januari 2022"
"Kota Madiun";"49793";"0";"Januari 2022"
"Kota Malang";"160172";"6";"Januari 2022"
"Kota Mojokerto";"154078";"5";"Januari 2022"
"Kota Pasuruan";"63432";"0";"Januari 2022"
"Kota Probolinggo";"33694";"0";"Januari 2022"
"Kota Surabaya";"316783";"369";"Januari 2022"
"Bangkalan";"24105";"0";"Februari 2022"
"Banyuwangi";"179041";"25";"Februari 2022"
"Blitar";"191534";"1";"Februari 2022"
"Bojonegoro";"36977";"0";"Februari 2022"
"Bondowoso";"27653";"0";"Februari 2022"
"Gresik";"352036";"8";"Februari 2022"
"Jember";"26095";"16";"Februari 2022"
"Jombang";"84568";"0";"Februari 2022"
"Kediri";"66152";"1";"Februari 2022"
"Lamongan";"421797";"1";"Februari 2022"
"Lumajang";"51725";"0";"Februari 2022"
"Madiun";"38565";"0";"Februari 2022"
"Magetan";"111998";"0";"Februari 2022"
"Malang";"201456";"7";"Februari 2022"
"Mojokerto";"72481";"0";"Februari 2022"
"Nganjuk";"11957";"0";"Februari 2022"
"Ngawi";"34144";"0";"Februari 2022"
"Pacitan";"102059";"34";"Februari 2022"
"Pamekasan";"10362";"0";"Februari 2022"
"Pasuruan";"154098";"477";"Februari 2022"
"Ponorogo";"47579";"10";"Februari 2022"
"Probolinggo";"86100";"34";"Februari 2022"
"Sampang";"17569";"8";"Februari 2022"
"Sidoarjo";"38569";"0";"Februari 2022"
"Situbondo";"38573";"12";"Februari 2022"
"Sumenep";"94195";"0";"Februari 2022"
"Trenggalek";"32486";"0";"Februari 2022"
"Tuban";"591788";"0";"Februari 2022"
"Tulungagung";"86611";"0";"Februari 2022"
"Kota Batu";"418198";"0";"Februari 2022"
"Kota Blitar";"114595";"0";"Februari 2022"
"Kota Kediri";"8546";"0";"Februari 2022"
"Kota Madiun";"50607";"3";"Februari 2022"
"Kota Malang";"125821";"50";"Februari 2022"
"Kota Mojokerto";"118404";"0";"Februari 2022"
"Kota Pasuruan";"66204";"0";"Februari 2022"
"Kota Probolinggo";"83076";"0";"Februari 2022"
"Kota Surabaya";"299125";"325";"Februari 2022"
"Bangkalan";"52487";"0";"Maret 2022"
"Banyuwangi";"196530";"72";"Maret 2022"
"Blitar";"238543";"0";"Maret 2022"
"Bojonegoro";"38072";"0";"Maret 2022"
"Bondowoso";"29516";"0";"Maret 2022"
"Gresik";"479890";"2";"Maret 2022"
"Jember";"28948";"13";"Maret 2022"
"Jombang";"165665";"0";"Maret 2022"
"Kediri";"129261";"0";"Maret 2022"
"Lamongan";"563651";"1";"Maret 2022"
"Lumajang";"47731";"0";"Maret 2022"
"Madiun";"32613";"0";"Maret 2022"
"Magetan";"124645";"0";"Maret 2022"
"Malang";"221642";"6";"Maret 2022"
"Mojokerto";"125481";"0";"Maret 2022"
"Nganjuk";"14317";"0";"Maret 2022"
"Ngawi";"31435";"0";"Maret 2022"
"Pacitan";"72467";"43";"Maret 2022"
"Pamekasan";"12916";"0";"Maret 2022"
"Pasuruan";"164997";"365";"Maret 2022"
"Ponorogo";"57198";"0";"Maret 2022"
"Probolinggo";"91479";"46";"Maret 2022"
"Sampang";"13017";"0";"Maret 2022"
"Sidoarjo";"44593";"0";"Maret 2022"
"Situbondo";"45019";"17";"Maret 2022"
"Sumenep";"106127";"0";"Maret 2022"
"Trenggalek";"41072";"0";"Maret 2022"
"Tuban";"769806";"0";"Maret 2022"
"Tulungagung";"84663";"0";"Maret 2022"
"Kota Batu";"494259";"0";"Maret 2022"
"Kota Blitar";"157784";"0";"Maret 2022"
"Kota Kediri";"9646";"0";"Maret 2022"
"Kota Madiun";"44994";"0";"Maret 2022"
"Kota Malang";"137449";"4";"Maret 2022"
"Kota Mojokerto";"256300";"0";"Maret 2022"
"Kota Pasuruan";"68004";"0";"Maret 2022"
"Kota Probolinggo";"80299";"0";"Maret 2022"
"Kota Surabaya";"373214";"445";"Maret 2022"
"Bangkalan";"1336";"0";"April 2022"
"Banyuwangi";"61709";"326";"April 2022"
"Blitar";"73851";"0";"April 2022"
"Bojonegoro";"259689";"0";"April 2022"
"Bondowoso";"3583";"0";"April 2022"
"Gresik";"36300";"21";"April 2022"
"Jember";"11086";"2";"April 2022"
"Jombang";"7817";"0";"April 2022"
"Kediri";"44230";"0";"April 2022"
"Lamongan";"64541";"0";"April 2022"
"Lumajang";"7052";"0";"April 2022"
"Madiun";"10531";"0";"April 2022"
"Magetan";"34596";"400";"April 2022"
"Malang";"47418";"18";"April 2022"
"Mojokerto";"36003";"0";"April 2022"
"Nganjuk";"8411";"0";"April 2022"
"Ngawi";"12165";"0";"April 2022"
"Pacitan";"19720";"26";"April 2022"
"Pamekasan";"3429";"14";"April 2022"
"Pasuruan";"59329";"450";"April 2022"
"Ponorogo";"13634";"0";"April 2022"
"Probolinggo";"61126";"120";"April 2022"
"Sampang";"7527";"3";"April 2022"
"Sidoarjo";"20233";"0";"April 2022"
"Situbondo";"31075";"12";"April 2022"
"Sumenep";"54758";"0";"April 2022"
"Trenggalek";"5565";"0";"April 2022"
"Tuban";"33586";"2";"April 2022"
"Tulungagung";"63537";"0";"April 2022"
"Kota Batu";"181436";"0";"April 2022"
"Kota Blitar";"115140";"0";"April 2022"
"Kota Kediri";"6788";"0";"April 2022"
"Kota Madiun";"31055";"0";"April 2022"
"Kota Malang";"169081";"0";"April 2022"
"Kota Mojokerto";"308717";"0";"April 2022"
"Kota Pasuruan";"67335";"0";"April 2022"
"Kota Probolinggo";"48762";"0";"April 2022"
"Kota Surabaya";"143306";"366";"April 2022"
"Bangkalan";"36704";"0";"Mei 2022"
"Banyuwangi";"481490";"1139";"Mei 2022"
"Blitar";"363248";"7";"Mei 2022"
"Bojonegoro";"126417";"0";"Mei 2022"
"Bondowoso";"36718";"1041";"Mei 2022"
"Gresik";"417139";"16";"Mei 2022"
"Jember";"73701";"15";"Mei 2022"
"Jombang";"93600";"0";"Mei 2022"
"Kediri";"258011";"3";"Mei 2022"
"Lamongan";"527711";"0";"Mei 2022"
"Lumajang";"283905";"155";"Mei 2022"
"Madiun";"74095";"0";"Mei 2022"
"Magetan";"311273";"150";"Mei 2022"
"Malang";"680210";"81";"Mei 2022"
"Mojokerto";"162859";"15";"Mei 2022"
"Nganjuk";"29119";"0";"Mei 2022"
"Ngawi";"93111";"0";"Mei 2022"
"Pacitan";"493794";"28";"Mei 2022"
"Pamekasan";"49716";"0";"Mei 2022"
"Pasuruan";"339398";"925";"Mei 2022"
"Ponorogo";"93889";"0";"Mei 2022"
"Probolinggo";"306623";"348";"Mei 2022"
"Sampang";"70617";"0";"Mei 2022"
"Sidoarjo";"43635";"0";"Mei 2022"
"Situbondo";"115123";"27";"Mei 2022"
"Sumenep";"117150";"2";"Mei 2022"
"Trenggalek";"117931";"0";"Mei 2022"
"Tuban";"535274";"6";"Mei 2022"
"Tulungagung";"194632";"0";"Mei 2022"
"Kota Batu";"979227";"0";"Mei 2022"
"Kota Blitar";"175845";"0";"Mei 2022"
"Kota Kediri";"10220";"0";"Mei 2022"
"Kota Madiun";"35106";"0";"Mei 2022"
"Kota Malang";"284182";"15";"Mei 2022"
"Kota Mojokerto";"96031";"0";"Mei 2022"
"Kota Pasuruan";"63074";"0";"Mei 2022"
"Kota Probolinggo";"88661";"4";"Mei 2022"
"Kota Surabaya";"467762";"650";"Mei 2022"
"Bangkalan";"237380";"0";"Juni 2022"
"Banyuwangi";"288264";"4337";"Juni 2022"
"Blitar";"298371";"12";"Juni 2022"
"Bojonegoro";"352232";"0";"Juni 2022"
"Bondowoso";"37062";"1587";"Juni 2022"
"Gresik";"356016";"12";"Juni 2022"
"Jember";"32176";"19";"Juni 2022"
"Jombang";"112678";"0";"Juni 2022"
"Kediri";"176875";"18";"Juni 2022"
"Lamongan";"543711";"3";"Juni 2022"
"Lumajang";"71802";"211";"Juni 2022"
"Madiun";"56888";"0";"Juni 2022"
"Magetan";"166138";"150";"Juni 2022"
"Malang";"321015";"138";"Juni 2022"
"Mojokerto";"143180";"0";"Juni 2022"
"Nganjuk";"16462";"0";"Juni 2022"
"Ngawi";"60085";"0";"Juni 2022"
"Pacitan";"130599";"63";"Juni 2022"
"Pamekasan";"15185";"3";"Juni 2022"
"Pasuruan";"268576";"1886";"Juni 2022"
"Ponorogo";"50535";"0";"Juni 2022"
"Probolinggo";"151612";"587";"Juni 2022"
"Sampang";"14256";"0";"Juni 2022"
"Sidoarjo";"41262";"52";"Juni 2022"
"Situbondo";"74259";"81";"Juni 2022"
"Sumenep";"89726";"0";"Juni 2022"
"Trenggalek";"57962";"0";"Juni 2022"
"Tuban";"481102";"3";"Juni 2022"
"Tulungagung";"129279";"0";"Juni 2022"
"Kota Batu";"889647";"5";"Juni 2022"
"Kota Blitar";"211252";"0";"Juni 2022"
"Kota Kediri";"15729";"0";"Juni 2022"
"Kota Madiun";"36630";"0";"Juni 2022"
"Kota Malang";"266442";"45";"Juni 2022"
"Kota Mojokerto";"185555";"0";"Juni 2022"
"Kota Pasuruan";"83176";"4";"Juni 2022"
"Kota Probolinggo";"85754";"7";"Juni 2022"
"Kota Surabaya";"808494";"719";"Juni 2022"
"Bangkalan";"586891";"5";"Juli 2022"
"Banyuwangi";"301973";"5311";"Juli 2022"
"Blitar";"291781";"12";"Juli 2022"
"Bojonegoro";"102781";"0";"Juli 2022"
"Bondowoso";"29166";"1765";"Juli 2022"
"Gresik";"365125";"16";"Juli 2022"
"Jember";"34633";"73";"Juli 2022"
"Jombang";"96368";"0";"Juli 2022"
"Kediri";"181780";"12";"Juli 2022"
"Lamongan";"471168";"8";"Juli 2022"
"Lumajang";"58540";"0";"Juli 2022"
"Madiun";"44496";"0";"Juli 2022"
"Magetan";"174456";"100";"Juli 2022"
"Malang";"397097";"414";"Juli 2022"
"Mojokerto";"120659";"4";"Juli 2022"
"Nganjuk";"16888";"0";"Juli 2022"
"Ngawi";"50674";"1";"Juli 2022"
"Pacitan";"149519";"59";"Juli 2022"
"Pamekasan";"21119";"0";"Juli 2022"
"Pasuruan";"261296";"877";"Juli 2022"
"Ponorogo";"53166";"0";"Juli 2022"
"Probolinggo";"145945";"1456";"Juli 2022"
"Sampang";"15784";"0";"Juli 2022"
"Sidoarjo";"40720";"0";"Juli 2022"
"Situbondo";"85380";"149";"Juli 2022"
"Sumenep";"82726";"2";"Juli 2022"
"Trenggalek";"87054";"1";"Juli 2022"
"Tuban";"405156";"4";"Juli 2022"
"Tulungagung";"136889";"0";"Juli 2022"
"Kota Batu";"827767";"66";"Juli 2022"
"Kota Blitar";"152459";"0";"Juli 2022"
"Kota Kediri";"9086";"0";"Juli 2022"
"Kota Madiun";"39860";"0";"Juli 2022"
"Kota Malang";"291016";"1252";"Juli 2022"
"Kota Mojokerto";"197794";"0";"Juli 2022"
"Kota Pasuruan";"74734";"0";"Juli 2022"
"Kota Probolinggo";"83292";"6";"Juli 2022"
"Kota Surabaya";"631063";"857";"Juli 2022"
"Bangkalan";"607754";"4";"Agustus 2022"
"Banyuwangi";"197178";"5873";"Agustus 2022"
"Blitar";"140782";"2";"Agustus 2022"
"Bojonegoro";"22858";"0";"Agustus 2022"
"Bondowoso";"27853";"1661";"Agustus 2022"
"Gresik";"369268";"12";"Agustus 2022"
"Jember";"23806";"114";"Agustus 2022"
"Jombang";"136228";"0";"Agustus 2022"
"Kediri";"105663";"46";"Agustus 2022"
"Lamongan";"313343";"58";"Agustus 2022"
"Lumajang";"34653";"1320";"Agustus 2022"
"Madiun";"23782";"2";"Agustus 2022"
"Magetan";"86432";"400";"Agustus 2022"
"Malang";"232534";"717";"Agustus 2022"
"Mojokerto";"117955";"31";"Agustus 2022"
"Nganjuk";"19551";"0";"Agustus 2022"
"Ngawi";"29167";"5";"Agustus 2022"
"Pacitan";"76496";"7";"Agustus 2022"
"Pamekasan";"11917";"0";"Agustus 2022"
"Pasuruan";"141561";"902";"Agustus 2022"
"Ponorogo";"38270";"0";"Agustus 2022"
"Probolinggo";"119941";"4588";"Agustus 2022"
"Sampang";"18873";"15";"Agustus 2022"
"Sidoarjo";"43492";"0";"Agustus 2022"
"Situbondo";"64324";"289";"Agustus 2022"
"Sumenep";"72709";"0";"Agustus 2022"
"Trenggalek";"32040";"0";"Agustus 2022"
"Tuban";"622799";"6";"Agustus 2022"
"Tulungagung";"144055";"0";"Agustus 2022"
"Kota Batu";"467692";"29";"Agustus 2022"
"Kota Blitar";"152279";"0";"Agustus 2022"
"Kota Kediri";"8126";"0";"Agustus 2022"
"Kota Madiun";"45910";"0";"Agustus 2022"
"Kota Malang";"264276";"3313";"Agustus 2022"
"Kota Mojokerto";"192124";"0";"Agustus 2022"
"Kota Pasuruan";"70591";"4";"Agustus 2022"
"Kota Probolinggo";"62840";"34";"Agustus 2022"
"Kota Surabaya";"412882";"1173";"Agustus 2022"
"Bangkalan";"641077";"0";"September 2022"
"Banyuwangi";"180244";"5857";"September 2022"
"Blitar";"169282";"9";"September 2022"
"Bojonegoro";"24419";"0";"September 2022"
"Bondowoso";"26226";"2071";"September 2022"
"Gresik";"293769";"3126";"September 2022"
"Jember";"24880";"124";"September 2022"
"Jombang";"127665";"0";"September 2022"
"Kediri";"146631";"12";"September 2022"
"Lamongan";"296149";"2";"September 2022"
"Lumajang";"32444";"1400";"September 2022"
"Madiun";"27725";"0";"September 2022"
"Magetan";"92916";"0";"September 2022"
"Malang";"216216";"617";"September 2022"
"Mojokerto";"114130";"17";"September 2022"
"Nganjuk";"15890";"0";"September 2022"
"Ngawi";"29684";"9";"September 2022"
"Pacitan";"85164";"0";"September 2022"
"Pamekasan";"12468";"0";"September 2022"
"Pasuruan";"167485";"898";"September 2022"
"Ponorogo";"36004";"0";"September 2022"
"Probolinggo";"98717";"4932";"September 2022"
"Sampang";"15374";"1";"September 2022"
"Sidoarjo";"38945";"0";"September 2022"
"Situbondo";"61279";"150";"September 2022"
"Sumenep";"77168";"11";"September 2022"
"Trenggalek";"62372";"0";"September 2022"
"Tuban";"413916";"2";"September 2022"
"Tulungagung";"160889";"0";"September 2022"
"Kota Batu";"522692";"2";"September 2022"
"Kota Blitar";"138132";"0";"September 2022"
"Kota Kediri";"7925";"0";"September 2022"
"Kota Madiun";"46700";"0";"September 2022"
"Kota Malang";"268034";"1074";"September 2022"
"Kota Mojokerto";"196583";"6";"September 2022"
"Kota Pasuruan";"74185";"7";"September 2022"
"Kota Probolinggo";"56776";"120";"September 2022"
"Kota Surabaya";"617452";"1163";"September 2022"
"Bangkalan";"697576";"4";"Oktober 2022"
"Banyuwangi";"236706";"4126";"Oktober 2022"
"Blitar";"161720";"58";"Oktober 2022"
"Bojonegoro";"83329";"0";"Oktober 2022"
"Bondowoso";"23895";"1768";"Oktober 2022"
"Gresik";"374965";"0";"Oktober 2022"
"Jember";"36275";"55";"Oktober 2022"
"Jombang";"153152";"0";"Oktober 2022"
"Kediri";"200551";"17";"Oktober 2022"
"Lamongan";"395928";"10";"Oktober 2022"
"Lumajang";"41436";"863";"Oktober 2022"
"Madiun";"36256";"0";"Oktober 2022"
"Magetan";"122425";"0";"Oktober 2022"
"Malang";"165426";"259";"Oktober 2022"
"Mojokerto";"124491";"29";"Oktober 2022"
"Nganjuk";"24018";"0";"Oktober 2022"
"Ngawi";"36382";"0";"Oktober 2022"
"Pacitan";"100988";"0";"Oktober 2022"
"Pamekasan";"17487";"0";"Oktober 2022"
"Pasuruan";"193632";"815";"Oktober 2022"
"Ponorogo";"29807";"0";"Oktober 2022"
"Probolinggo";"117445";"3998";"Oktober 2022"
"Sampang";"14274";"3";"Oktober 2022"
"Sidoarjo";"40742";"0";"Oktober 2022"
"Situbondo";"76893";"90";"Oktober 2022"
"Sumenep";"82400";"2";"Oktober 2022"
"Trenggalek";"15677";"0";"Oktober 2022"
"Tuban";"576034";"4";"Oktober 2022"
"Tulungagung";"123407";"0";"Oktober 2022"
"Kota Batu";"551037";"14";"Oktober 2022"
"Kota Blitar";"182431";"0";"Oktober 2022"
"Kota Kediri";"6952";"0";"Oktober 2022"
"Kota Madiun";"47635";"0";"Oktober 2022"
"Kota Malang";"240417";"740";"Oktober 2022"
"Kota Mojokerto";"175376";"1";"Oktober 2022"
"Kota Pasuruan";"83034";"23";"Oktober 2022"
"Kota Probolinggo";"73595";"9";"Oktober 2022"
"Kota Surabaya";"331340";"1403";"Oktober 2022"
"Bangkalan";"  184,511 ";"0";"November 2022"
"Banyuwangi";"  215,995 ";"2181";"November 2022"
"Blitar";"  143,965 ";"22";"November 2022"
"Bojonegoro";"  66,891 ";"0";"November 2022"
"Bondowoso";"  26,015 ";"2377";"November 2022"
"Gresik";"  259,434 ";"2345";"November 2022"
"Jember";"  28,624 ";"26";"November 2022"
"Jombang";"  105,576 ";"0";"November 2022"
"Kediri";"  122,450 ";"14";"November 2022"
"Lamongan";"  321,082 ";"3";"November 2022"
"Lumajang";"  30,643 ";"662";"November 2022"
"Madiun";"  27,208 ";"6";"November 2022"
"Magetan";"  81,266 ";"0";"November 2022"
"Malang";"  125,684 ";"116";"November 2022"
"Mojokerto";"  98,599 ";"0";"November 2022"
"Nganjuk";"  12,791 ";"0";"November 2022"
"Ngawi";"  34,153 ";"0";"November 2022"
"Pacitan";"  62,096 ";"0";"November 2022"
"Pamekasan";"  9,952 ";"0";"November 2022"
"Pasuruan";"  146,556 ";"860";"November 2022"
"Ponorogo";"  18,936 ";"0";"November 2022"
"Probolinggo";"  99,753 ";"2494";"November 2022"
"Sampang";"  19,659 ";"4";"November 2022"
"Sidoarjo";"  41,395 ";"0";"November 2022"
"Situbondo";"  71,950 ";"105";"November 2022"
"Sumenep";"  74,564 ";"1";"November 2022"
"Trenggalek";"  9,382 ";"0";"November 2022"
"Tuban";"  407,996 ";"4";"November 2022"
"Tulungagung";"  96,807 ";"0";"November 2022"
"Kota Batu";"  376,045 ";"38";"November 2022"
"Kota Blitar";"  169,979 ";"0";"November 2022"
"Kota Kediri";"  6,768 ";"0";"November 2022"
"Kota Madiun";"  55,022 ";"0";"November 2022"
"Kota Malang";"  248,061 ";"1225";"November 2022"
"Kota Mojokerto";"  158,509 ";"0";"November 2022"
"Kota Pasuruan";"  77,888 ";"10";"November 2022"
"Kota Probolinggo";"  59,302 ";"52";"November 2022"
"Kota Surabaya";"  344,744 ";"1564";"November 2022"
"Bangkalan";"292535";"0";"Desember 2022"
"Banyuwangi";"314777";"951";"Desember 2022"
"Blitar";"263515";"14";"Desember 2022"
"Bojonegoro";"81657";"0";"Desember 2022"
"Bondowoso";"42708";"2687";"Desember 2022"
"Gresik";"386306";"7029";"Desember 2022"
"Jember";"42612";"1";"Desember 2022"
"Jombang";"149268";"0";"Desember 2022"
"Kediri";"228584";"14";"Desember 2022"
"Lamongan";"450871";"8";"Desember 2022"
"Lumajang";"68458";"679";"Desember 2022"
"Madiun";"40395";"0";"Desember 2022"
"Magetan";"133613";"0";"Desember 2022"
"Malang";"158508";"99";"Desember 2022"
"Mojokerto";"134462";"0";"Desember 2022"
"Nganjuk";"14663";"0";"Desember 2022"
"Ngawi";"67911";"0";"Desember 2022"
"Pacitan";"110436";"4";"Desember 2022"
"Pamekasan";"14203";"0";"Desember 2022"
"Pasuruan";"252828";"831";"Desember 2022"
"Ponorogo";"33608";"0";"Desember 2022"
"Probolinggo";"178722";"2168";"Desember 2022"
"Sampang";"16447";"7";"Desember 2022"
"Sidoarjo";"41615";"0";"Desember 2022"
"Situbondo";"71817";"57";"Desember 2022"
"Sumenep";"104094";"3";"Desember 2022"
"Trenggalek";"29555";"0";"Desember 2022"
"Tuban";"565150";"2";"Desember 2022"
"Tulungagung";"161812";"0";"Desember 2022"
"Kota Batu";"840917";"0";"Desember 2022"
"Kota Blitar";"143788";"29";"Desember 2022"
"Kota Kediri";"8260";"0";"Desember 2022"
"Kota Madiun";"59800";"0";"Desember 2022"
"Kota Malang";"294832";"728";"Desember 2022"
"Kota Mojokerto";"220355";"0";"Desember 2022"
"Kota Pasuruan";"89951";"27";"Desember 2022"
"Kota Probolinggo";"85318";"3";"Desember 2022"
"Kota Surabaya";"512253";"1835";"Desember 2022"
"Bangkalan";"68540";"0";"Januari 2021"
"Banyuwangi";"110689";"19";"Januari 2021"
"Blitar";"115045";"0";"Januari 2021"
"Bojonegoro";"0";"0";"Januari 2021"
"Bondowoso";"22105";"0";"Januari 2021"
"Gresik";"173622";"0";"Januari 2021"
"Jember";"44079";"0";"Januari 2021"
"Jombang";"33815";"0";"Januari 2021"
"Kediri";"0";"0";"Januari 2021"
"Lamongan";"152816";"0";"Januari 2021"
"Lumajang";"77622";"0";"Januari 2021"
"Madiun";"2716";"0";"Januari 2021"
"Magetan";"90851";"0";"Januari 2021"
"Malang";"180906";"6";"Januari 2021"
"Mojokerto";"52596";"0";"Januari 2021"
"Nganjuk";"6808";"0";"Januari 2021"
"Ngawi";"0";"0";"Januari 2021"
"Pacitan";"131332";"0";"Januari 2021"
"Pamekasan";"42554";"0";"Januari 2021"
"Pasuruan";"170646";"345";"Januari 2021"
"Ponorogo";"23580";"0";"Januari 2021"
"Probolinggo";"63800";"2";"Januari 2021"
"Sampang";"11630";"1";"Januari 2021"
"Sidoarjo";"17742";"0";"Januari 2021"
"Situbondo";"53780";"2";"Januari 2021"
"Sumenep";"36918";"0";"Januari 2021"
"Trenggalek";"18634";"0";"Januari 2021"
"Tuban";"231315";"0";"Januari 2021"
"Tulungagung";"0";"0";"Januari 2021"
"Kota Batu";"113876";"0";"Januari 2021"
"Kota Blitar";"7020";"0";"Januari 2021"
"Kota Kediri";"0";"0";"Januari 2021"
"Kota Madiun";"45379";"0";"Januari 2021"
"Kota Malang";"66023";"0";"Januari 2021"
"Kota Mojokerto";"340816";"0";"Januari 2021"
"Kota Pasuruan";"19119";"0";"Januari 2021"
"Kota Probolinggo";"44209";"0";"Januari 2021"
"Kota Surabaya";"207710";"319";"Januari 2021"
"Bangkalan";"60856";"0";"Februari 2021"
"Banyuwangi";"85910";"2";"Februari 2021"
"Blitar";"164540";"3";"Februari 2021"
"Bojonegoro";"0";"0";"Februari 2021"
"Bondowoso";"21924";"0";"Februari 2021"
"Gresik";"108227";"0";"Februari 2021"
"Jember";"24934";"0";"Februari 2021"
"Jombang";"23700";"0";"Februari 2021"
"Kediri";"0";"0";"Februari 2021"
"Lamongan";"166191";"0";"Februari 2021"
"Lumajang";"41074";"0";"Februari 2021"
"Madiun";"1823";"0";"Februari 2021"
"Magetan";"57229";"0";"Februari 2021"
"Malang";"140581";"14";"Februari 2021"
"Mojokerto";"42336";"0";"Februari 2021"
"Nganjuk";"7231";"0";"Februari 2021"
"Ngawi";"0";"0";"Februari 2021"
"Pacitan";"70621";"0";"Februari 2021"
"Pamekasan";"36695";"0";"Februari 2021"
"Pasuruan";"116269";"307";"Februari 2021"
"Ponorogo";"3200";"0";"Februari 2021"
"Probolinggo";"39325";"0";"Februari 2021"
"Sampang";"7763";"0";"Februari 2021"
"Sidoarjo";"13176";"0";"Februari 2021"
"Situbondo";"41557";"5";"Februari 2021"
"Sumenep";"40848";"0";"Februari 2021"
"Trenggalek";"0";"0";"Februari 2021"
"Tuban";"234454";"0";"Februari 2021"
"Tulungagung";"0";"0";"Februari 2021"
"Kota Batu";"97626";"0";"Februari 2021"
"Kota Blitar";"12350";"0";"Februari 2021"
"Kota Kediri";"0";"0";"Februari 2021"
"Kota Madiun";"41574";"0";"Februari 2021"
"Kota Malang";"52794";"0";"Februari 2021"
"Kota Mojokerto";"313333";"0";"Februari 2021"
"Kota Pasuruan";"19586";"0";"Februari 2021"
"Kota Probolinggo";"54190";"0";"Februari 2021"
"Kota Surabaya";"266033";"344";"Februari 2021"
"Bangkalan";"61619";"0";"Maret 2021"
"Banyuwangi";"118373";"13";"Maret 2021"
"Blitar";"207140";"0";"Maret 2021"
"Bojonegoro";"21157";"0";"Maret 2021"
"Bondowoso";"26481";"0";"Maret 2021"
"Gresik";"181746";"0";"Maret 2021"
"Jember";"25949";"0";"Maret 2021"
"Jombang";"14513";"0";"Maret 2021"
"Kediri";"0";"0";"Maret 2021"
"Lamongan";"200978";"9";"Maret 2021"
"Lumajang";"48539";"0";"Maret 2021"
"Madiun";"22420";"0";"Maret 2021"
"Magetan";"97632";"0";"Maret 2021"
"Malang";"200810";"63";"Maret 2021"
"Mojokerto";"52204";"0";"Maret 2021"
"Nganjuk";"10737";"0";"Maret 2021"
"Ngawi";"20812";"0";"Maret 2021"
"Pacitan";"101716";"37";"Maret 2021"
"Pamekasan";"81543";"0";"Maret 2021"
"Pasuruan";"132712";"329";"Maret 2021"
"Ponorogo";"32972";"0";"Maret 2021"
"Probolinggo";"48949";"46";"Maret 2021"
"Sampang";"6475";"0";"Maret 2021"
"Sidoarjo";"15024";"0";"Maret 2021"
"Situbondo";"43769";"4";"Maret 2021"
"Sumenep";"35583";"0";"Maret 2021"
"Trenggalek";"259371";"383";"Maret 2021"
"Tuban";"23019";"0";"Maret 2021"
"Tulungagung";"394522";"1";"Maret 2021"
"Kota Batu";"57950";"0";"Maret 2021"
"Kota Blitar";"22105";"2";"Maret 2021"
"Kota Kediri";"0";"0";"Maret 2021"
"Kota Madiun";"20401";"2";"Maret 2021"
"Kota Malang";"200810";"63";"Maret 2021"
"Kota Mojokerto";"455401";"0";"Maret 2021"
"Kota Pasuruan";"30539";"1";"Maret 2021"
"Kota Probolinggo";"67406";"0";"Maret 2021"
"Kota Surabaya";"259371";"383";"Maret 2021"
"Bangkalan";"4099";"0";"April 2021"
"Banyuwangi";"95474";"113";"April 2021"
"Blitar";"167262";"0";"April 2021"
"Bojonegoro";"17705";"0";"April 2021"
"Bondowoso";"12524";"0";"April 2021"
"Gresik";"129894";"0";"April 2021"
"Jember";"20541";"0";"April 2021"
"Jombang";"11000";"0";"April 2021"
"Kediri";"7070";"0";"April 2021"
"Lamongan";"160623";"0";"April 2021"
"Lumajang";"17079";"0";"April 2021"
"Madiun";"3180";"0";"April 2021"
"Magetan";"82394";"0";"April 2021"
"Malang";"144187";"14";"April 2021"
"Mojokerto";"37203";"0";"April 2021"
"Nganjuk";"12184";"0";"April 2021"
"Ngawi";"13165";"0";"April 2021"
"Pacitan";"86655";"57";"April 2021"
"Pamekasan";"21193";"0";"April 2021"
"Pasuruan";"101148";"98";"April 2021"
"Ponorogo";"31418";"0";"April 2021"
"Probolinggo";"37458";"48";"April 2021"
"Sampang";"11191";"0";"April 2021"
"Sidoarjo";"7744";"0";"April 2021"
"Situbondo";"40100";"16";"April 2021"
"Sumenep";"33662";"0";"April 2021"
"Trenggalek";"25846";"0";"April 2021"
"Tuban";"290513";"3";"April 2021"
"Tulungagung";"29096";"0";"April 2021"
"Kota Batu";"318991";"0";"April 2021"
"Kota Blitar";"17786";"0";"April 2021"
"Kota Kediri";"0";"0";"April 2021"
"Kota Madiun";"5174";"1";"April 2021"
"Kota Malang";"24959";"0";"April 2021"
"Kota Mojokerto";"371523";"0";"April 2021"
"Kota Pasuruan";"19915";"0";"April 2021"
"Kota Probolinggo";"54907";"0";"April 2021"
"Kota Surabaya";"278768";"346";"April 2021"
"Bangkalan";"21071";"0";"Mei 2021"
"Banyuwangi";"270285";"186";"Mei 2021"
"Blitar";"178323";"0";"Mei 2021"
"Bojonegoro";"30647";"0";"Mei 2021"
"Bondowoso";"5782";"0";"Mei 2021"
"Gresik";"202237";"0";"Mei 2021"
"Jember";"45973";"0";"Mei 2021"
"Jombang";"56581";"0";"Mei 2021"
"Kediri";"38060";"0";"Mei 2021"
"Lamongan";"157842";"0";"Mei 2021"
"Lumajang";"38146";"0";"Mei 2021"
"Madiun";"4337";"0";"Mei 2021"
"Magetan";"161429";"0";"Mei 2021"
"Malang";"289862";"5";"Mei 2021"
"Mojokerto";"77209";"0";"Mei 2021"
"Nganjuk";"16154";"0";"Mei 2021"
"Ngawi";"61595";"0";"Mei 2021"
"Pacitan";"145380";"58";"Mei 2021"
"Pamekasan";"52863";"0";"Mei 2021"
"Pasuruan";"133780";"291";"Mei 2021"
"Ponorogo";"47696";"0";"Mei 2021"
"Probolinggo";"31879";"29";"Mei 2021"
"Sampang";"22170";"0";"Mei 2021"
"Sidoarjo";"12824";"0";"Mei 2021"
"Situbondo";"34010";"3";"Mei 2021"
"Sumenep";"32779";"0";"Mei 2021"
"Trenggalek";"15310";"0";"Mei 2021"
"Tuban";"350832";"3";"Mei 2021"
"Tulungagung";"107513";"0";"Mei 2021"
"Kota Batu";"530307";"0";"Mei 2021"
"Kota Blitar";"23060";"0";"Mei 2021"
"Kota Kediri";"0";"0";"Mei 2021"
"Kota Madiun";"6016";"0";"Mei 2021"
"Kota Malang";"36825";"0";"Mei 2021"
"Kota Mojokerto";"418999";"0";"Mei 2021"
"Kota Pasuruan";"8955";"0";"Mei 2021"
"Kota Probolinggo";"66715";"0";"Mei 2021"
"Kota Surabaya";"157560";"856";"Mei 2021"
"Bangkalan";"443";"0";"Juni 2021"
"Banyuwangi";"138845";"474";"Juni 2021"
"Blitar";"217357";"0";"Juni 2021"
"Bojonegoro";"29511";"0";"Juni 2021"
"Bondowoso";"19391";"0";"Juni 2021"
"Gresik";"225485";"0";"Juni 2021"
"Jember";"34434";"0";"Juni 2021"
"Jombang";"3597";"0";"Juni 2021"
"Kediri";"73207";"0";"Juni 2021"
"Lamongan";"127520";"11";"Juni 2021"
"Lumajang";"113866";"0";"Juni 2021"
"Madiun";"8658";"0";"Juni 2021"
"Magetan";"161283";"0";"Juni 2021"
"Malang";"235971";"7";"Juni 2021"
"Mojokerto";"100077";"0";"Juni 2021"
"Nganjuk";"27333";"0";"Juni 2021"
"Ngawi";"40986";"0";"Juni 2021"
"Pacitan";"119093";"38";"Juni 2021"
"Pamekasan";"7817";"0";"Juni 2021"
"Pasuruan";"114651";"325";"Juni 2021"
"Ponorogo";"22892";"0";"Juni 2021"
"Probolinggo";"41425";"27";"Juni 2021"
"Sampang";"7409";"0";"Juni 2021"
"Sidoarjo";"13114";"0";"Juni 2021"
"Situbondo";"45296";"0";"Juni 2021"
"Sumenep";"24325";"0";"Juni 2021"
"Trenggalek";"27287";"0";"Juni 2021"
"Tuban";"303881";"0";"Juni 2021"
"Tulungagung";"111562";"0";"Juni 2021"
"Kota Batu";"652629";"0";"Juni 2021"
"Kota Blitar";"25560";"6";"Juni 2021"
"Kota Kediri";"0";"0";"Juni 2021"
"Kota Madiun";"15482";"0";"Juni 2021"
"Kota Malang";"64614";"0";"Juni 2021"
"Kota Mojokerto";"151469";"0";"Juni 2021"
"Kota Pasuruan";"19062";"0";"Juni 2021"
"Kota Probolinggo";"19526";"0";"Juni 2021"
"Kota Surabaya";"255554";"405";"Juni 2021"
"Bangkalan";"0";"0";"Juli 2021"
"Banyuwangi";"0";"0";"Juli 2021"
"Blitar";"22660";"0";"Juli 2021"
"Bojonegoro";"17565";"0";"Juli 2021"
"Bondowoso";"0";"0";"Juli 2021"
"Gresik";"856";"0";"Juli 2021"
"Jember";"2648";"0";"Juli 2021"
"Jombang";"0";"0";"Juli 2021"
"Kediri";"0";"0";"Juli 2021"
"Lamongan";"479";"0";"Juli 2021"
"Lumajang";"0";"0";"Juli 2021"
"Madiun";"75";"0";"Juli 2021"
"Magetan";"5682";"0";"Juli 2021"
"Malang";"0";"0";"Juli 2021"
"Mojokerto";"3100";"0";"Juli 2021"
"Nganjuk";"5791";"0";"Juli 2021"
"Ngawi";"0";"0";"Juli 2021"
"Pacitan";"2261";"25";"Juli 2021"
"Pamekasan";"0";"0";"Juli 2021"
"Pasuruan";"9269";"57";"Juli 2021"
"Ponorogo";"0";"0";"Juli 2021"
"Probolinggo";"2858";"0";"Juli 2021"
"Sampang";"15";"0";"Juli 2021"
"Sidoarjo";"2695";"0";"Juli 2021"
"Situbondo";"1180";"0";"Juli 2021"
"Sumenep";"0";"0";"Juli 2021"
"Trenggalek";"1929";"0";"Juli 2021"
"Tuban";"0";"0";"Juli 2021"
"Tulungagung";"0";"0";"Juli 2021"
"Kota Batu";"7522";"0";"Juli 2021"
"Kota Blitar";"0";"0";"Juli 2021"
"Kota Kediri";"0";"0";"Juli 2021"
"Kota Madiun";"18080";"2";"Juli 2021"
"Kota Malang";"52";"0";"Juli 2021"
"Kota Mojokerto";"12123";"0";"Juli 2021"
"Kota Pasuruan";"0";"0";"Juli 2021"
"Kota Probolinggo";"5514";"0";"Juli 2021"
"Kota Surabaya";"166918";"34";"Juli 2021"
"Bangkalan";"0";"0";"Agustus 2021"
"Banyuwangi";"0";"46";"Agustus 2021"
"Blitar";"32055";"0";"Agustus 2021"
"Bojonegoro";"0";"0";"Agustus 2021"
"Bondowoso";"0";"0";"Agustus 2021"
"Gresik";"450";"181";"Agustus 2021"
"Jember";"2756";"0";"Agustus 2021"
"Jombang";"0";"1";"Agustus 2021"
"Kediri";"0";"0";"Agustus 2021"
"Lamongan";"0";"2";"Agustus 2021"
"Lumajang";"0";"2";"Agustus 2021"
"Madiun";"0";"0";"Agustus 2021"
"Magetan";"229";"0";"Agustus 2021"
"Malang";"0";"0";"Agustus 2021"
"Mojokerto";"0";"0";"Agustus 2021"
"Nganjuk";"9125";"0";"Agustus 2021"
"Ngawi";"0";"0";"Agustus 2021"
"Pacitan";"0";"0";"Agustus 2021"
"Pamekasan";"0";"0";"Agustus 2021"
"Pasuruan";"11485";"5";"Agustus 2021"
"Ponorogo";"0";"0";"Agustus 2021"
"Probolinggo";"3527";"5";"Agustus 2021"
"Sampang";"1199";"0";"Agustus 2021"
"Sidoarjo";"6118";"199";"Agustus 2021"
"Situbondo";"1250";"0";"Agustus 2021"
"Sumenep";"0";"0";"Agustus 2021"
"Trenggalek";"0";"0";"Agustus 2021"
"Tuban";"0";"8";"Agustus 2021"
"Tulungagung";"0";"4";"Agustus 2021"
"Kota Batu";"3581";"0";"Agustus 2021"
"Kota Blitar";"0";"5";"Agustus 2021"
"Kota Kediri";"0";"7";"Agustus 2021"
"Kota Madiun";"30748";"0";"Agustus 2021"
"Kota Malang";"66";"144";"Agustus 2021"
"Kota Mojokerto";"11789";"294";"Agustus 2021"
"Kota Pasuruan";"59";"0";"Agustus 2021"
"Kota Probolinggo";"1909";"2";"Agustus 2021"
"Kota Surabaya";"172449";"1283";"Agustus 2021"
"Bangkalan";"2198";"0";"September 2021"
"Banyuwangi";"82358";"168";"September 2021"
"Blitar";"52805";"0";"September 2021"
"Bojonegoro";"25300";"2";"September 2021"
"Bondowoso";"7475";"6";"September 2021"
"Gresik";"38457";"186";"September 2021"
"Jember";"17606";"0";"September 2021"
"Jombang";"225";"0";"September 2021"
"Kediri";"0";"0";"September 2021"
"Lamongan";"83076";"3";"September 2021"
"Lumajang";"0";"4";"September 2021"
"Madiun";"0";"0";"September 2021"
"Magetan";"1125";"0";"September 2021"
"Malang";"0";"0";"September 2021"
"Mojokerto";"130";"0";"September 2021"
"Nganjuk";"16966";"0";"September 2021"
"Ngawi";"0";"0";"September 2021"
"Pacitan";"0";"0";"September 2021"
"Pamekasan";"0";"0";"September 2021"
"Pasuruan";"94611";"78";"September 2021"
"Ponorogo";"0";"0";"September 2021"
"Probolinggo";"28656";"0";"September 2021"
"Sampang";"10187";"0";"September 2021"
"Sidoarjo";"12747";"238";"September 2021"
"Situbondo";"1250";"0";"September 2021"
"Sumenep";"0";"0";"September 2021"
"Trenggalek";"6528";"0";"September 2021"
"Tuban";"159275";"13";"September 2021"
"Tulungagung";"0";"0";"September 2021"
"Kota Batu";"8571";"10";"September 2021"
"Kota Blitar";"0";"10";"September 2021"
"Kota Kediri";"802";"5";"September 2021"
"Kota Madiun";"37548";"1";"September 2021"
"Kota Malang";"4425";"150";"September 2021"
"Kota Mojokerto";"12657";"185";"September 2021"
"Kota Pasuruan";"26908";"4";"September 2021"
"Kota Probolinggo";"5618";"14";"September 2021"
"Kota Surabaya";"179787";"1,317";"September 2021"
"Bangkalan";"6171";"0";"Oktober 2021"
"Banyuwangi";"193916";"161";"Oktober 2021"
"Blitar";"128653";"0";"Oktober 2021"
"Bojonegoro";"26817";"2";"Oktober 2021"
"Bondowoso";"19979";"5";"Oktober 2021"
"Gresik";"264404";"174";"Oktober 2021"
"Jember";"38139";"0";"Oktober 2021"
"Jombang";"3424";"0";"Oktober 2021"
"Kediri";"100168";"0";"Oktober 2021"
"Lamongan";"174547";"12";"Oktober 2021"
"Lumajang";"0";"0";"Oktober 2021"
"Madiun";"12931";"0";"Oktober 2021"
"Magetan";"1366";"0";"Oktober 2021"
"Malang";"0";"0";"Oktober 2021"
"Mojokerto";"796";"0";"Oktober 2021"
"Nganjuk";"26584";"0";"Oktober 2021"
"Ngawi";"0";"0";"Oktober 2021"
"Pacitan";"0";"0";"Oktober 2021"
"Pamekasan";"0";"0";"Oktober 2021"
"Pasuruan";"139345";"81";"Oktober 2021"
"Ponorogo";"0";"1";"Oktober 2021"
"Probolinggo";"32965";"0";"Oktober 2021"
"Sampang";"14999";"0";"Oktober 2021"
"Sidoarjo";"17957";"229";"Oktober 2021"
"Situbondo";"1270";"0";"Oktober 2021"
"Sumenep";"12557";"0";"Oktober 2021"
"Trenggalek";"17783";"0";"Oktober 2021"
"Tuban";"387234";"0";"Oktober 2021"
"Tulungagung";"0";"1";"Oktober 2021"
"Kota Batu";"212234";"0";"Oktober 2021"
"Kota Blitar";"28109";"5";"Oktober 2021"
"Kota Kediri";"2197";"30";"Oktober 2021"
"Kota Madiun";"48131";"0";"Oktober 2021"
"Kota Malang";"377391";"234";"Oktober 2021"
"Kota Mojokerto";"161517";"265";"Oktober 2021"
"Kota Pasuruan";"44424";"8";"Oktober 2021"
"Kota Probolinggo";"9576";"8";"Oktober 2021"
"Kota Surabaya";"329871";"1348";"Oktober 2021"
"Bangkalan";"6552";"0";"November 2021"
"Banyuwangi";"137686";"141";"November 2021"
"Blitar";"125912";"0";"November 2021"
"Bojonegoro";"27832";"6";"November 2021"
"Bondowoso";"25364";"2";"November 2021"
"Gresik";"289580";"90";"November 2021"
"Jember";"22689";"0";"November 2021"
"Jombang";"106958";"0";"November 2021"
"Kediri";"185797";"0";"November 2021"
"Lamongan";"184767";"2";"November 2021"
"Lumajang";"0";"0";"November 2021"
"Madiun";"26969";"0";"November 2021"
"Magetan";"125099";"0";"November 2021"
"Malang";"122956";"35";"November 2021"
"Mojokerto";"40056";"0";"November 2021"
"Nganjuk";"23851";"0";"November 2021"
"Ngawi";"39437";"0";"November 2021"
"Pacitan";"53091";"0";"November 2021"
"Pamekasan";"0";"1";"November 2021"
"Pasuruan";"135868";"84";"November 2021"
"Ponorogo";"0";"0";"November 2021"
"Probolinggo";"35171";"0";"November 2021"
"Sampang";"11501";"0";"November 2021"
"Sidoarjo";"21096";"286";"November 2021"
"Situbondo";"5507";"0";"November 2021"
"Sumenep";"12831";"0";"November 2021"
"Trenggalek";"30846";"0";"November 2021"
"Tuban";"500116";"27";"November 2021"
"Tulungagung";"0";"3";"November 2021"
"Kota Batu";"298836";"0";"November 2021"
"Kota Blitar";"60190";"1";"November 2021"
"Kota Kediri";"3565";"30";"November 2021"
"Kota Madiun";"53228";"0";"November 2021"
"Kota Malang";"81357";"163";"November 2021"
"Kota Mojokerto";"112299";"308";"November 2021"
"Kota Pasuruan";"6111";"27";"November 2021"
"Kota Probolinggo";"11030";"23";"November 2021"
"Kota Surabaya";"302553";"1023";"November 2021"
"Bangkalan";"16716";"0";"Desember 2021"
"Banyuwangi";"196661";"119";"Desember 2021"
"Blitar";"229815";"0";"Desember 2021"
"Bojonegoro";"43116";"0";"Desember 2021"
"Bondowoso";"27335";"0";"Desember 2021"
"Gresik";"364149";"103";"Desember 2021"
"Jember";"28011";"0";"Desember 2021"
"Jombang";"120035";"0";"Desember 2021"
"Kediri";"116696";"0";"Desember 2021"
"Lamongan";"232321";"6";"Desember 2021"
"Lumajang";"43432";"0";"Desember 2021"
"Madiun";"35281";"0";"Desember 2021"
"Magetan";"197261";"0";"Desember 2021"
"Malang";"205756";"988";"Desember 2021"
"Mojokerto";"71584";"0";"Desember 2021"
"Nganjuk";"30328";"0";"Desember 2021"
"Ngawi";"63333";"0";"Desember 2021"
"Pacitan";"124055";"0";"Desember 2021"
"Pamekasan";"9897";"1";"Desember 2021"
"Pasuruan";"196326";"207";"Desember 2021"
"Ponorogo";"0";"0";"Desember 2021"
"Probolinggo";"22547";"0";"Desember 2021"
"Sampang";"10835";"0";"Desember 2021"
"Sidoarjo";"36258";"247";"Desember 2021"
"Situbondo";"66645";"0";"Desember 2021"
"Sumenep";"18655";"0";"Desember 2021"
"Trenggalek";"54335";"0";"Desember 2021"
"Tuban";"561751";"18";"Desember 2021"
"Tulungagung";"75294";"1";"Desember 2021"
"Kota Batu";"472117";"0";"Desember 2021"
"Kota Blitar";"68873";"3";"Desember 2021"
"Kota Kediri";"5915";"7";"Desember 2021"
"Kota Madiun";"28783";"0";"Desember 2021"
"Kota Malang";"88270";"198";"Desember 2021"
"Kota Mojokerto";"204423";"262";"Desember 2021"
"Kota Pasuruan";"6937";"0";"Desember 2021"
"Kota Probolinggo";"108917";"30";"Desember 2021"
"Kota Surabaya";"386712";"2,290";"Desember 2021"
